App Name,Refined_Features
AnotherMonitor,"description: An Android system performance monitor that lets users dismiss onboarding hints, choose and track additional processes, inspect CPU and memory metrics, start performance recording, and access Help and About via a navigation drawer.

feature 1: Monitor processes and inspect CPU usage details.
sub-feature 1-1: After dismissing the onboarding prompt by tapping the ""ALRIGHT"" button identified by resource-id org.anothermonitor:id/BHint, the user opens process management via the control org.anothermonitor:id/BChooseProcess with text ""Choose other process(es)"" to select additional processes, uses the system Back navigation to return to the monitoring view, and then taps the CPU section org.anothermonitor:id/LCPUAM to focus or expand CPU monitoring and view detailed CPU activity for the selected or running processes.

feature 2: Analyze memory metrics and record performance data.
sub-feature 2-1: Following hint acknowledgment by tapping org.anothermonitor:id/BHint with text ""ALRIGHT"", the user selects the Memory view via org.anothermonitor:id/BMemory (""Memory"") to display memory-related information, then starts a recording session by pressing org.anothermonitor:id/LButtonRecord, after which the interface indicates that memory performance data is being captured.

feature 3: Access support and app information through a navigation drawer.
sub-feature 3-1: Once the ""ALRIGHT"" button (org.anothermonitor:id/BHint) dismisses the intro hint, tapping the menu button org.anothermonitor:id/LButtonMenu opens the drawer to select ""Help"" and display the Help screen, pressing Back returns to the previous view, tapping org.anothermonitor:id/LButtonMenu again reopens the drawer to select ""About"" and show the About screen, and pressing Back returns to the main dashboard."
Arcticons,"description: An Arcticons companion app that lets users browse and manage an icon catalog, explore and apply wallpapers, and customize settings such as the app theme, all via a navigation drawer with searchable lists and occasional confirmation dialogs.

feature-1: Browse the icon catalog and perform in-catalog actions like opening items and searching.
sub-feature 1-1: Navigate to Icons, open an item, invoke search, and close the overlay to resume browsing. When the app opens, dismiss the initial dialog by tapping the positive action identified by resource-id com.donnnno.arcticons:id/md_buttonDefaultPositive; open and toggle the navigation drawer by tapping the toolbar navigation control identified by class android.widget.ImageButton and index 0 twice; select the “Icons” entry by tapping com.donnnno.arcticons:id/design_menu_item_text with text “Icons” to reach the icons view; open the first item by tapping the container identified by class android.widget.FrameLayout and index 0; invoke search via the action item com.donnnno.arcticons:id/menu_search, focus the search area by tapping com.donnnno.arcticons:id/inner_container, then close the resulting dialog or overlay by pressing the CLOSE button com.donnnno.arcticons:id/md_buttonDefaultPositive with text “CLOSE” to return to normal browsing.

feature-2: Browse, preview, save, and apply wallpapers from a dedicated Wallpapers section.
sub-feature 2-1: Open a wallpaper, re-enter preview, save locally (with reconfirmation), and apply to homescreen and lockscreen. Accept the startup dialog via com.donnnno.arcticons:id/md_buttonDefaultPositive, press system Back to return to the main view, open the drawer by tapping the top app button with class android.widget.ImageButton and index 0, and choose “Wallpapers” using com.donnnno.arcticons:id/design_menu_item_text with text ""Wallpapers"" to view the grid; open a wallpaper by tapping a thumbnail with resource-id com.donnnno.arcticons:id/image, briefly go back, then tap the same control (com.donnnno.arcticons:id/image) again—twice—to re-enter preview; from the preview toolbar, initiate saving by pressing com.donnnno.arcticons:id/menu_save with index 1 twice to trigger and reconfirm, then after using Back twice to leave intermediate screens, tap com.donnnno.arcticons:id/menu_save (index 1) again to repeat saving; to apply directly, tap com.donnnno.arcticons:id/menu_apply with index 2 and in the chooser select com.donnnno.arcticons:id/title with text ""Homescreen & Lockscreen"" so it applies to both destinations.

feature-3: Manage individual icons with actions such as bookmarking while handling dialogs and navigation.
sub-feature 3-1: Open Icons, view details, bookmark an icon, and dismiss info dialogs while navigating back as needed. Dismiss the startup dialog by tapping com.donnnno.arcticons:id/md_buttonDefaultPositive, open the side drawer with the android.widget.ImageButton at index 0 and tap it again to toggle, then select the “Icons” section via com.donnnno.arcticons:id/design_menu_item_text with text “Icons” to navigate to the grid; pressing system Back at this point can take the user to the home screen (com.google.android.apps.nexuslauncher), and returning to the app, opening the first icon tile by tapping the element with class android.widget.FrameLayout and index 0 shows details; tapping the bookmark control com.donnnno.arcticons:id/bookmark_button triggers a dialog that can be closed with the button com.donnnno.arcticons:id/md_buttonDefaultPositive labeled “CLOSE”; using the top-left navigation via android.widget.ImageButton at index 0 moves back or toggles the drawer, and pressing Back within com.donnnno.arcticons returns to the prior screen, where tapping the first list row (class android.widget.LinearLayout, index 0) opens another informational view that is dismissed by pressing “CLOSE” via com.donnnno.arcticons:id/md_buttonDefaultPositive.

feature-4: Customize app behavior and appearance through a Settings screen, including theme selection.
sub-feature 4-1: Change the app theme to follow the system from Settings. Dismiss the initial prompt by tapping com.donnnno.arcticons:id/md_buttonDefaultPositive and press system Back within package com.donnnno.arcticons to navigate up; open the side menu using the top app bar button (class android.widget.ImageButton, index 0) and select “Settings” via com.donnnno.arcticons:id/design_menu_item_text with text ""Settings""; in Settings, tap the preference titled “Theme” identified by com.donnnno.arcticons:id/title to open theme controls where the current choice is indicated by com.donnnno.arcticons:id/subtitle with text ""Dark""; tap this ""Dark"" subtitle to show options and choose com.donnnno.arcticons:id/name with text ""Auto"" to switch the theme to follow the system and update the summary accordingly."
Autostarts,"description: An app for inspecting and managing which installed apps’ broadcast receivers run automatically (e.g., at boot or on connectivity changes), grouping entries by trigger and providing controls to disable receivers, search, regroup the list, and open system app details.
feature 1: Explore broadcast-event categories and quickly reveal or hide the receivers registered under each trigger.
sub-feature 1-1: When the user taps the category row with resource-id ""com.elsdoerfer.android.autostarts:id/title"" and text ""During Startup"", the section expands to show boot-time items, and tapping the same element again collapses it; tapping the category with resource-id ""com.elsdoerfer.android.autostarts:id/title"" and text ""After Startup"" similarly expands and collapses on a second tap; finally, selecting the event group with resource-id ""com.elsdoerfer.android.autostarts:id/title"" and text ""Connectivity changed"" expands to show receivers for network state changes and collapses on a subsequent tap, confirming toggle behavior for each broadcast category.
feature 2: Control per-app autostart receivers and access system-level details directly from the categorized list.
sub-feature 2-1: After revealing the ""During Startup"" group (resource-id ""com.elsdoerfer.android.autostarts:id/title""), tapping the app entry titled ""Google"" (resource-id ""com.elsdoerfer.android.autostarts:id/title"") opens an action menu; choosing ""Disable"" (resource-id ""android:id/text1"", text ""Disable"") disables Google’s autostart receiver for the “During Startup” trigger and reflects the change; tapping ""Google"" again reopens the menu, and selecting ""Application Info"" (resource-id ""android:id/text1"", text ""Application Info"") navigates to the system Application Info screen for Google.
feature 3: Organize and find entries efficiently using grouping modes, in-app search, and overflow options.
sub-feature 3-1: Tapping the grouping control (resource-id ""com.elsdoerfer.android.autostarts:id/grouping"") reorganizes the list by the selected grouping mode; tapping the search action (resource-id ""com.elsdoerfer.android.autostarts:id/search"") opens the search interface for real-time filtering; performing the system Back action within the package ""com.elsdoerfer.android.autostarts"" dismisses search and returns to the grouped list; finally, tapping the overflow menu button (content-desc ""More options"") opens the app’s additional actions or settings."
CityZen,"description: An app for discovering, mapping, and managing city points of interest, letting users browse categories, view details, share places, interact with a live map, add new POIs, and organize favorites with tabbed navigation.

feature 1: Discover places by browsing categories, opening details, and sharing points of interest.
sub-feature 1-1: When the initial permission prompt appears, tapping the Allow button identified by the resource-id ""com.android.permissioncontroller:id/permission_allow_button"" in the com.google.android.permissioncontroller dialog grants the app its required access; selecting the ""Fast food"" category by tapping the item with the resource-id ""com.cityzen.cityzen:id/poi_title"" and text ""Fast food"" reveals relevant fast food points of interest; interacting with a specific result container by clicking the element with class ""android.widget.FrameLayout"" and index ""1"" focuses or opens that entry; tapping the place title again, identified by the resource-id ""com.cityzen.cityzen:id/poi_title,"" brings up the detailed view; finally, pressing the share control with the resource-id ""com.cityzen.cityzen:id/poiDialogShare"" opens the sharing flow for the currently viewed location.

feature 2: Navigate and act on the map to recenter on your location, open menus, create new POIs, and clear map content using floating action buttons and navigation controls.
sub-feature 2-1: When the location permission dialog appears, tapping the Allow button with resource-id ""com.android.permissioncontroller:id/permission_allow_button"" grants access; opening the map view is done by tapping the bottom label with resource-id ""com.cityzen.cityzen:id/smallLabel"" and text ""Map""; interacting with the icon rendered as class ""android.widget.ImageView"" at index ""1"" triggers its associated action; pressing the navigation control shown as class ""android.widget.ImageButton"" at index ""0"" opens or closes navigation or goes back; activating the location FAB with resource-id ""com.cityzen.cityzen:id/fabLocation"" recenters the map on the user’s position; pressing the same ""android.widget.ImageButton"" at index ""0"" again dismisses or navigates as per the app bar; tapping the add FAB with resource-id ""com.cityzen.cityzen:id/fabAdd"" reveals creation options; pressing the primary FAB with resource-id ""com.cityzen.cityzen:id/mainFab"" expands the main action menu; choosing the option labeled ""Add"" with resource-id ""com.cityzen.cityzen:id/mapCreateNewPoi"" and text ""Add"" initiates creating a new point of interest; invoking the Android Back action within package ""com.cityzen.cityzen"" returns to the previous map state; pressing the ""android.widget.ImageButton"" at index ""0"" once more navigates up or closes panels; finally, tapping the clear-map FAB with resource-id ""com.cityzen.cityzen:id/fabClearMap"" removes existing markers or overlays from the map.

feature 3: Save and review favorites while switching between Search and Favorites tabs to manage saved POIs.
sub-feature 3-1: When the permission prompt from com.google.android.permissioncontroller appears, tapping the button identified by resource-id ""com.android.permissioncontroller:id/permission_allow_button"" and text ""Allow"" enables the app to proceed; within ""com.cityzen.cityzen,"" tapping the category entry with resource-id ""com.cityzen.cityzen:id/poi_title"" and text ""Transportation"" opens that category, and selecting the first result is done by clicking the element in package ""com.cityzen.cityzen"" at index ""0"" to display the POI detail; in the detail view, tapping the favorite control with resource-id ""com.cityzen.cityzen:id/poiDialogFavorite"" marks the POI as a favorite, and tapping the close control with resource-id ""com.cityzen.cityzen:id/poiDialogClose"" dismisses the dialog; using Back within package ""com.cityzen.cityzen"" returns to the previous screen; opening the search view is done by tapping the tab with resource-id ""com.cityzen.cityzen:id/smallLabel"" and text ""Search,"" and pressing Back exits it; finally, opening the favorites section by tapping the tab with resource-id ""com.cityzen.cityzen:id/smallLabel"" and text ""Favorites"" shows the previously favorited POI."
Currency,"description: An app for managing a customizable currency list, converting amounts across currencies, refreshing exchange rates, and configuring display and connectivity preferences.

feature-1: Select currencies directly from a list to set the active currency for viewing or conversion.
sub-feature 1-1: Tapping currency rows by their shared resource-id ""org.billthefarmer.currency:id/name"" cycles the active selection based on text, where tapping the item with text ""USD"" selects USD, then tapping the next item with text ""GBP"" updates the selection to GBP, and finally tapping the item with text ""CAD"" switches the active selection to CAD.

feature-2: Provide in-app settings to control connectivity behavior and numeric precision for displayed values.
sub-feature 2-1: Using the navigation control with content-desc ""Navigate up"" to reach the main view, opening ""Settings"" via ""android:id/title"" with text ""Settings"", toggling the ""Roaming"" option labeled by ""android:id/title"" with text ""Roaming"", and then opening ""Fraction digits"" (""android:id/title"" with text ""Fraction digits"") to choose ""Four fraction digits"" (""android:id/text1"" with text ""Four fraction digits"") applies and saves four-decimal formatting across the app.

feature-3: Manage the currency list by adding new currencies and removing unwanted ones.
sub-feature 3-1: Tapping the add action button ""org.billthefarmer.currency:id/action_add"" and selecting the currency item ""org.billthefarmer.currency:id/name"" with text ""AUD"" adds AUD to the visible currency list.
sub-feature 3-2: Long-pressing the currency row ""org.billthefarmer.currency:id/name"" with text ""USD"" to select it, then tapping the remove action ""org.billthefarmer.currency:id/action_remove"" deletes the USD entry from the list.

feature-4: Refresh exchange rates on demand through the overflow menu.
sub-feature 4-1: Opening the overflow menu via the control with content-desc ""More options"" and selecting the ""Update"" item labeled by ""android:id/title"" with text ""Update"" triggers an exchange rate refresh.

feature-5: Calculate conversions by setting a base amount.
sub-feature 5-1: Entering the value ""1000"" into the input field ""org.billthefarmer.currency:id/value"" and confirming with the dialog button ""android:id/button1"" with text ""OK"" applies the amount and updates all displayed currency values accordingly.

feature-6: Show a visible status indicator and support manual refresh with confirmation of success.
sub-feature 6-1: The status view ""org.billthefarmer.currency:id/status"" initially displays ""OK"" and remains visible after invoking the refresh control ""org.billthefarmer.currency:id/action_refresh"", continuing to show ""OK"" to confirm the refresh completed without errors, with tapping the status view confirming focus on the indicator."
DNS66,"description: An app that provides DNS/VPN-based network filtering (DNS66), letting users start and monitor a local VPN service, manage custom DNS resolvers, configure hosts-based filter sources with auto-refresh and allow/deny modes, and control per-app filtering including system apps.

feature 1: Control and monitor the VPN-based filtering service, including permission handling, auto-resume on boot, connection watchdog, and on-demand refresh, to keep protection active and up to date.
sub-feature 1-1: When the user taps the start control with resource-id ""org.jak_linux.dns66:id/start_button"", a confirmation dialog appears, and pressing the button ""android:id/button1"" with text ""YES"" proceeds to the Android VPN permission prompt from package ""com.android.vpndialogs""; approving by tapping ""android:id/button1"" with text ""OK"" grants permission and starts the VPN-based service, after which enabling auto-resume is done by selecting the setting labeled ""Resume on system start-up"", turning on the watchdog by tapping ""org.jak_linux.dns66:id/watchdog"" with text ""Watch connection"" and confirming via ""android:id/button1"" with text ""CONTINUE"", and finally invoking the refresh action ""org.jak_linux.dns66:id/action_refresh"" updates the app’s lists or status to reflect the active service and newly applied settings.

feature 2: Manage custom DNS servers so users can enable and add resolvers by name and IP for use by the filtering service.
sub-feature 2-1: Tapping the section labeled ""DNS"" opens DNS settings, enabling custom DNS is done by clicking ""Custom DNS servers"" with resource-id ""org.jak_linux.dns66:id/dns_enabled"", adding a server uses the add button ""org.jak_linux.dns66:id/floating_action_button"" to open an editor where the name ""Google DNS"" is entered in ""org.jak_linux.dns66:id/title_layout"" and the address ""8.8.8.8"" in ""org.jak_linux.dns66:id/location_layout"", and saving via ""org.jak_linux.dns66:id/action_save"" commits the new entry into the enabled Custom DNS servers configuration.

feature 3: Configure hosts-based DNS filtering with automatic daily refresh and selectable allow/deny modes for each source.
sub-feature 3-1: Tapping the ""HOSTS"" section opens the sources screen, toggling daily updates is done with ""org.jak_linux.dns66:id/automatic_refresh"" labeled ""Refresh daily"", adding a source uses ""org.jak_linux.dns66:id/floating_action_button"" to open a form where ""kk"" is entered in ""org.jak_linux.dns66:id/title"" and ""example.com"" in ""org.jak_linux.dns66:id/location_layout"", the rule state is set by tapping ""android:id/text1"" with text ""Deny"" and switched to ""Allow"" by tapping the same control, and saving with ""org.jak_linux.dns66:id/action_save"" persists the entry so ""kk"" pointing to ""example.com"" appears in the list in Allow state.

feature 4: Provide per-application filtering management, including displaying system apps and toggling each app’s inclusion in filtering.
sub-feature 4-1: Tapping the ""APPS"" control opens the applications list, activating the switch ""org.jak_linux.dns66:id/switch_show_system_apps"" with text ""Show system apps"" expands the list to include system applications, and tapping the checkbox ""org.jak_linux.dns66:id/checkbox"" next to a chosen entry toggles its state to include or exclude that app from the filtering rules."
DNS_Hero,"description: A DNS lookup and diagnostics tool that lets users enter a domain, resolve it, inspect diagnostic sections such as root nameserver analysis, and manage the domain with favorites and overflow actions.

feature-1: Perform DNS resolution and access detailed diagnostic sections for a selected domain.
sub-feature 1-1: Users can type a domain, trigger resolution, switch to the diagnostics view, and open the Root Nameserver details for the current domain. When the user types ""google.com"" into the input field with resource-id ""com.gianlu.dnshero:id/loading_domain"", the value populates the field; tapping the trailing action icon with resource-id ""com.gianlu.dnshero:id/text_input_end_icon"" initiates loading and displays the results; tapping the ""DIAGNOSTIC"" label (class android.widget.TextView) switches the interface to the diagnostic view; and tapping the ""ROOT NAMESERVER"" item (class android.widget.TextView) opens or focuses the root nameserver diagnostic for the current domain, showing the related details.

feature-2: Provide quick domain management actions including favoriting and executing overflow menu options on the loaded domain.
sub-feature 2-1: Users can load a domain, toggle its favorite state, and invoke an overflow menu action for the current domain. When the input field ""com.gianlu.dnshero:id/loading_domain"" is filled with ""outlook.com"", tapping the text input end icon ""com.gianlu.dnshero:id/text_input_end_icon"" submits and loads the domain’s information; after that, tapping the favorite control ""com.gianlu.dnshero:id/domain_favorite"" toggles the favorite state for the current domain; to access extended actions, tapping the overflow button with content-desc ""More options"" opens the menu, and selecting the first entry represented by an element with class ""android.widget.RelativeLayout"" and index ""0"" executes the corresponding option."
Daedalus,"description: An app that provides a local VPN-based DNS service with a navigation drawer for accessing testing tools, log management, and DNS server configuration.

feature 1: Start and control the local VPN/DNS service and access the app’s navigation options.
sub-feature 1-1: Activates the VPN/DNS service and opens the navigation drawer; when the user taps the activation control identified by the resource-id ""org.itxtech.daedalus:id/button_activate"", the Android VPN permission dialog (""com.android.vpndialogs"") appears, and confirming with the OK button identified by the resource-id ""android:id/button1"" and text ""OK"" grants permission and allows the connection to proceed; after granting permission, tapping the navigation icon with the content-desc ""Open navigation drawer"" opens the side navigation panel for additional features or settings.

feature 2: View and manage app logs, including exporting and refreshing entries.
sub-feature 2-1: Opens the Log screen and performs export and refresh actions; tapping the navigation icon with the content-desc ""Open navigation drawer"" reveals the menu, selecting the ""Log"" entry with the resource-id ""org.itxtech.daedalus:id/design_menu_item_text"" and text ""Log"" navigates to the log view, pressing the export button ""org.itxtech.daedalus:id/action_export"" triggers log export, and then pressing the refresh button ""org.itxtech.daedalus:id/action_refresh"" reloads the displayed log entries.

feature 3: Test network/URL resolution and view detailed results.
sub-feature 3-1: Accesses the Test screen, inputs a target URL, starts the test, and reviews its details; opening the navigation drawer and choosing the ""Test"" item identified by the resource-id ""org.itxtech.daedalus:id/design_menu_item_text"" with text ""Test"" brings up the testing screen, the user types ""google.com"" into ""org.itxtech.daedalus:id/autoCompleteTextView_test_url"", initiates the test by pressing ""org.itxtech.daedalus:id/button_start_test"" and presses the same button again when shown with text ""START TEST"", and then taps the information area ""org.itxtech.daedalus:id/textView_test_info"" to bring detailed test information into view.

feature 4: Configure and apply custom DNS servers.
sub-feature 4-1: Adds a DNS server by name and address and applies the configuration; opening the navigation drawer and selecting ""Servers"" via the menu item ""org.itxtech.daedalus:id/design_menu_item_text"" with text ""Servers"" navigates to the server list, tapping the add action ""org.itxtech.daedalus:id/fab_add_server"" opens a dialog to enter the server name in the prompt titled by ""android:id/title"" with text ""Server Name"" where ""google"" is input and confirmed with ""android:id/button1"" (text ""OK""), then the address is entered at the next prompt titled ""Server Address"" as ""google.com"" and confirmed again with ""android:id/button1"" (text ""OK""), and finally tapping ""org.itxtech.daedalus:id/action_apply"" saves the new server and applies the configuration."
DiskUsage,"description: An app (com.google.android.diskusage) for visualizing disk usage, letting users browse storage volumes, search within them, and manage rescanning, rendering mode, and app information.

feature 1: Visualize and explore storage volumes through an interactive usage view.
sub-feature 1-1: When opening the app, the user selects the ""Storage card"" entry identified by resource-id ""android:id/text1"" and text ""Storage card"" to open its contents; the interactive visualization loads in the main content area ""android:id/content"", and tapping within this content surface (""android:id/content"") drills down or reveals details for the tapped region, confirming touch-responsive navigation within the storage hierarchy.

feature 2: Quickly search within the current storage view to find space-consuming items.
sub-feature 2-1: After tapping the ""Storage card"" entry (""android:id/text1""), the user opens search via the button ""android:id/search_button"", focuses the query field ""android:id/search_src_text"", and enters the term ""Apps"" into ""android:id/search_src_text"" to trigger in-app filtering that narrows the current ""Storage card"" view to items matching “Apps.”

feature 3: Control rescanning, rendering mode, and view app information via the overflow menu.
sub-feature 3-1: From the ""Storage card"" view (""android:id/text1""), the user opens the overflow menu with the control having content-desc ""More options"", selects ""Rescan"" (menu item ""android:id/title"" with text ""Rescan"") to refresh the usage data, opens ""More options"" again to choose ""Software Renderer"" (menu item ""android:id/title"" with text ""Software Renderer"") to switch rendering, then opens ""More options"" once more to select ""About"" (menu item ""android:id/title"" with text ""About"") to display the About screen, and finally uses the system Back action to return to the prior storage view."
Echo,"description: A quick audio-capture utility that records the last minute of audio, guides users to enable required system settings, allows configuration of buffer size and audio quality, and supports easy sharing and rating.

feature 1: Capture, name, and send the last minute of audio once required system settings are enabled.
sub-feature 1-1: When a confirmation prompt appears in eu.mrogalski.saidit, tapping the positive button with resource-id ""android:id/button1"" proceeds to Android Settings (package com.android.settings), where enabling the toggle ""android:id/switch_widget"" grants the needed setting; pressing system Back returns to SaidIt, where tapping ""eu.mrogalski.saidit:id/record_last_minute"" starts the last‑minute capture and shows the naming field ""eu.mrogalski.saidit:id/recording_name"", into which ""kk"" is entered, then confirmed via ""android:id/button1"", and finally the recording is dispatched by tapping the ""SEND"" button ""eu.mrogalski.saidit:id/recording_done_send"".

feature 2: Configure recording parameters via an in‑app settings screen to tailor memory usage and audio quality.
sub-feature 2-1: After confirming the in‑app dialog via ""android:id/button1"" and enabling the required system toggle ""android:id/switch_widget"" in com.android.settings, pressing Back returns to SaidIt, where tapping ""eu.mrogalski.saidit:id/settings_button"" opens settings, selecting ""eu.mrogalski.saidit:id/memory_medium"" with text ""256 MB"" applies a medium buffer, choosing ""eu.mrogalski.saidit:id/quality_8kHz"" with text ""8 KHZ"" sets a low sample rate, and tapping ""eu.mrogalski.saidit:id/settings_return"" returns to the main screen with the changes applied.

feature 3: Provide an in‑app entry point to rate the app on Google Play.
sub-feature 3-1: From SaidIt, confirming the dialog with ""android:id/button1"" and enabling the system setting via ""android:id/switch_widget"" in com.android.settings, then returning with system Back, allows tapping ""eu.mrogalski.saidit:id/rate_on_google_play"" to initiate the Google Play rating flow for the application."
Enchanted_Fortress,"description: An Android turn-based fantasy fortress-building strategy game where players start or continue sessions, configure character and difficulty, manage workers and research across turns, view the hall of fame, read story/help, and adjust settings such as theme and leaderboard resets.

feature-1: Start a new game by naming a character, choosing a difficulty, and beginning gameplay from the setup screen.
sub-feature 1-1: From the main menu, tapping the ""hr.kravarscan.enchantedfortress:id/newGameButton"" opens the setup screen; entering ""kk"" into ""hr.kravarscan.enchantedfortress:id/nameInput"" sets the player name; tapping ""hr.kravarscan.enchantedfortress:id/difficultySelection"" and choosing the option with text ""Easy"" sets the difficulty; pressing ""hr.kravarscan.enchantedfortress:id/startButton"" begins gameplay, and using the Android system Back action returns to the previous screen.

feature-2: Continue an existing game session directly from the main menu.
sub-feature 2-1: Tapping the ""hr.kravarscan.enchantedfortress:id/continueButton"" resumes the current session from the main menu, and pressing the system Back button returns to the main menu.

feature-3: View and dismiss the Hall of Fame leaderboard.
sub-feature 3-1: Tapping the Hall of Fame entry with resource-id ""hr.kravarscan.enchantedfortress:id/scoresButton"" and text ""HALL OF FAME"" opens the leaderboard, and the system Back action closes it.

feature-4: Access in-app story and help content.
sub-feature 4-1: Tapping the help entry with resource-id ""hr.kravarscan.enchantedfortress:id/helpButton"" and text ""STORY & HELP"" displays story/help content, and using Back navigates to the main menu.

feature-5: Manage in-game economy and research and advance turns during a session.
sub-feature 5-1: Starting a new game via ""hr.kravarscan.enchantedfortress:id/newGameButton"" and entering gameplay by pressing ""hr.kravarscan.enchantedfortress:id/startButton,"" the player increases food production with ""hr.kravarscan.enchantedfortress:id/farmPlusButton,"" raises construction capacity by tapping ""hr.kravarscan.enchantedfortress:id/builderPlusButton"" twice, selects research by opening ""hr.kravarscan.enchantedfortress:id/researchSelection"" and choosing the option with text ""Masonry 1 - 4 turns,"" advances the state with ""hr.kravarscan.enchantedfortress:id/endTurnButton,"" and can return using the system Back action.

feature-6: Configure visual theme and reset leaderboard data in the settings screen.
sub-feature 6-1: Tapping ""hr.kravarscan.enchantedfortress:id/settingsButton"" opens settings; selecting ""Day/night mode"" and choosing the option ""Day"" applies the day theme; selecting ""Reset hall of fame"" triggers a confirmation dialog, and confirming by tapping ""android:id/button1"" with text ""YES"" clears the hall of fame, after which Back returns to the previous screen."
Equate,"description: An all-in-one unit and currency converter that lets users pick categories, select base and target units or currencies (including historical currency rates), enter values via an on-screen keypad, and instantly see conversion results with access to an extended unit picker.

feature-1: Perform currency conversions with a configurable USD base year and quick switching between target currencies.
sub-feature 1-1: When opening the app, the initial prompt is dismissed by tapping the confirmation button with resource-id ""android:id/button1"" and text ""OK""; the Currency category is entered by tapping the label with class ""android.widget.TextView"" and text ""Currency""; the historical USD option is opened by tapping the button with resource-id ""com.llamacorp.equate:id/convert_button6"" and text ""USD/[1975]""; the year is confirmed by tapping the list item with resource-id ""android:id/text1"" and text ""1975""; HKD is chosen as the target by pressing the target button with resource-id ""com.llamacorp.equate:id/convert_button9"" and text ""➜ HKD""; USD is set as the base by tapping the source button with resource-id ""com.llamacorp.equate:id/convert_button1"" and text ""USD"" twice; finally the target is switched to CAD by tapping the selector with resource-id ""com.llamacorp.equate:id/convert_button3"" and text ""➜ CAD"", after which the interface reflects conversions from USD (year 1975) first to HKD and then to CAD as the active target.

feature-2: Convert between units within a selected measurement category using an on-screen numeric keypad for immediate results.
sub-feature 2-1: After dismissing the initial dialog via the ""OK"" button (resource-id ""android:id/button1""), the Area category is selected by tapping the label with class ""android.widget.TextView"" and text ""Area""; the source unit is set to square inches by pressing the selector with resource-id ""com.llamacorp.equate:id/convert_button1"" and text ""IN²""; the value 10 is entered by tapping the keys with resource-id ""com.llamacorp.equate:id/one_button"" (text ""1"") and ""com.llamacorp.equate:id/zero_button"" (text ""0""); the destination unit is set by tapping the control with resource-id ""com.llamacorp.equate:id/convert_button4"" and text ""➜ ACRE"", updating the display to show the equivalent of 10 square inches in acres with IN² as the from-unit and ACRE as the to-unit.

feature-3: Browse and apply additional units via an expandable unit picker across categories like Length and Weight.
sub-feature 3-1: Upon acknowledging the initial ""OK"" prompt (resource-id ""android:id/button1""), the Length category is chosen by tapping the label ""Length"" (class ""android.widget.TextView"", text ""Length""); pressing ""MORE…"" (resource-id ""com.llamacorp.equate:id/convert_button10"", text ""MORE…"") opens a unit picker listing items with resource-id ""android:id/text1"", where selecting ""Nanometers"" sets the active length unit to nanometers; then switching to the Weight category by tapping ""Weight"" (class ""android.widget.TextView"", text ""Weight"") and invoking ""MORE…"" again allows choosing ""Grains"" (resource-id ""android:id/text1"", text ""Grains""), which updates the active weight unit to grains."
FakeStandby,"description: An app that simulates a fake standby mode and provides configurable settings for exit behavior, quick access, security, startup automation, visual appearance, and a shortcut to the project website.  
feature 1: Configure and secure the fake standby experience, including exit methods and quick access via a persistent notification.  
sub-feature 1-1: When the user taps the settings entry identified by resource-id ""android:id/title"" with text ""Escape methods"", a selection dialog opens; choosing the list option identified by resource-id ""android:id/text1"" with text ""Tap the screen with 4 or more simultaneous touches"" marks that method to exit fake standby, and pressing the confirmation button identified by resource-id ""android:id/button1"" with text ""OK"" saves the selection and closes the dialog; back in the settings list, tapping the preference identified by resource-id ""android:id/title"" with text ""Always show a notification to start the fake standby"" toggles the persistent notification for initiating fake standby, and tapping the item identified by resource-id ""android:id/title"" with text ""Secure mode"" enables the app’s secure mode for fake standby.  
feature 2: Automate fake standby startup and adjust its visual appearance through simple toggles.  
sub-feature 2-1: In the settings screen of package ""android.jonas.fakestandby"", tapping the option labeled ""Start fake standby on boot"" (resource-id ""android:id/title"", text ""Start fake standby on boot"") toggles automatic initiation after reboot, and tapping ""Invert color"" (resource-id ""android:id/title"", text ""Invert color"") toggles color inversion for the fake standby mode, updating the settings state accordingly.  
feature 3: Provide in-app access to project information via a website shortcut.  
sub-feature 3-1: When the app opens, the list item ""Visit the project website"" (resource-id ""android:id/title"", text ""Visit the project website"") is visible; tapping it triggers navigation to the project’s webpage using the default browser or an in-app web view, confirming the website access shortcut works."
Food_Tracker,"description: A privacy-friendly food diary (org.secuso.privacyfriendlyfoodtracker) that secures data with a generated encryption key, lets users add dated food entries with searchable items and quantities, and provides navigable statistics for nutrition insights.

feature-1: Streamlined first-run setup that lets users bypass onboarding, generate a security key, and reach the primary add flow.  
sub-feature 1-1: When the user taps the Skip control identified by org.secuso.privacyfriendlyfoodtracker:id/btn_skip, the onboarding is dismissed; interacting with the element labeled ""Generating Key"" initiates or acknowledges encryption key creation; then tapping the floating action button org.secuso.privacyfriendlyfoodtracker:id/fab opens the main add-entry screen, confirming core tracking readiness.

feature-2: Date-focused logging with an in-app calendar that supports period navigation and exact day selection.  
sub-feature 2-1: After skipping onboarding via org.secuso.privacyfriendlyfoodtracker:id/btn_skip and tapping the add action org.secuso.privacyfriendlyfoodtracker:id/fab, the date picker appears where android:id/next advances to the next period, android:id/prev returns to the previous period, and selecting the day with content-desc ""19 August 2025"" sets that date for the new entry.

feature-3: Comprehensive entry creation and insights, including food search with quantity input and access to statistics via the navigation drawer.  
sub-feature 3-1: Skipping the welcome screen (org.secuso.privacyfriendlyfoodtracker:id/btn_skip) and tapping the add button (org.secuso.privacyfriendlyfoodtracker:id/fab) leads to date selection by choosing the element with content-desc ""19 August 2025,"" then pressing org.secuso.privacyfriendlyfoodtracker:id/addFoodItem, entering ""egg"" in org.secuso.privacyfriendlyfoodtracker:id/inputSearchTerm, launching search with org.secuso.privacyfriendlyfoodtracker:id/search_fab, selecting a result via org.secuso.privacyfriendlyfoodtracker:id/resultName, specifying ""50"" in org.secuso.privacyfriendlyfoodtracker:id/inputFoodAmount, and confirming with org.secuso.privacyfriendlyfoodtracker:id/addEntry to add the item to that date; using system Back returns to the previous screen, and opening the navigation drawer via the ""Open navigation drawer"" icon allows choosing destinations (org.secuso.privacyfriendlyfoodtracker:id/design_menu_item_text), including selecting the item with text ""Statistics"" to open the statistics view where tapping the period selector labeled by content-desc ""Month"" switches to monthly aggregation."
GPS_Cockpit,"description: An app that serves as a GPS cockpit/dashboard, letting users view satellite status, start/stop GPS recordings with runtime permission handling, copy/share current GPS data, manage AGPS assistance data, enable HUD and GPS lock, switch themes, and configure compass degree display via an overflow menu.

feature-1: Provide satellite status access and viewing from the main GPS dashboard.
sub-feature 1-1: When the user taps the main GPS container identified by resource-id ""org.woheller69.gpscockpit:id/gps_cont"", the interface becomes active; tapping the satellite view action ""org.woheller69.gpscockpit:id/action_satview"" opens an alert dialog that shows the header ""Satellites"" (resource-id ""org.woheller69.gpscockpit:id/alertTitle"", text ""Satellites""), and interacting with this title confirms the satellite view dialog is present and in focus.

feature-2: Enable quick copying/sharing of GPS information and AGPS assistance maintenance via the overflow menu.
sub-feature 2-1: Tapping the Copy control ""org.woheller69.gpscockpit:id/copy"" copies the currently displayed GPS data to the clipboard; tapping Share ""org.woheller69.gpscockpit:id/share"" opens the system share interface, which closes via Android back to return to the main GPS view; then opening the overflow menu (content-desc ""More options"") and selecting the item ""org.woheller69.gpscockpit:id/title"" with text ""Clear AGPS Data"" initiates and completes clearing of the device’s AGPS assistance data.

feature-3: Offer driving aids and visual modes including Head-Up Display, GPS lock with permission handling, and a dark theme toggle.
sub-feature 3-1: Opening the overflow menu (content-desc ""More options"") and selecting ""org.woheller69.gpscockpit:id/title"" with text ""Head-Up Display"" activates HUD mode; reopening the overflow and choosing ""org.woheller69.gpscockpit:id/title"" with text ""Lock GPS"" may trigger a location permission prompt from package ""com.android.settings"", where pressing ""android:id/button1"" with text ""Allow"" grants access so GPS lock proceeds; opening the overflow again and selecting ""org.woheller69.gpscockpit:id/title"" with text ""Dark Theme"" switches the interface to a dark appearance.

feature-4: Provide GPS recording controls and compass degree display configuration through the overflow menu.
sub-feature 4-1: Tapping the recording control ""org.woheller69.gpscockpit:id/record"" with text ""Start"" begins tracking (granting permission via the system dialog by pressing ""android:id/button1"" with text ""Allow"" if requested), then tapping the same control with text ""Stop"" ends the session; for options, opening the overflow menu (content-desc ""More options"") reveals additional actions where interacting with ""org.woheller69.gpscockpit:id/content"", then reopening overflow to select ""org.woheller69.gpscockpit:id/icon"", and finally opening overflow again to choose ""org.woheller69.gpscockpit:id/title"" with text ""Compass: Show degrees"" enables numeric degree display on the compass.
sub-feature 4-2: Starting a recording via ""org.woheller69.gpscockpit:id/record"" with text ""Start"" toggles the control to ""Stop"" and, if required, a permission prompt from ""com.android.settings"" is approved by tapping ""android:id/button1"" with text ""Allow""; stopping the session is done by tapping the same control now labeled ""Stop"", and configuring the compass degree readout is completed by opening the overflow menu (content-desc ""More options"") and selecting the item ""org.woheller69.gpscockpit:id/title"" with text ""Compass: Show degrees""."
Get_id,"description: An app that identifies and manages device-related IDs, guiding users through initial permissions and enabling quick viewing and copying of Device ID, SIM, IMEI, IMSI, Google Services Framework (GSF), and Wi‑Fi information, along with Help and Rate options.

feature-1: First-launch onboarding that guides users through required Android permissions to reach the main interface.
sub-feature 1-1: When first opening the app, the user advances the Android Permission Controller by tapping the Continue control identified by resource-id com.android.permissioncontroller:id/continue_button to proceed with setup.
sub-feature 1-2: Immediately after, the user confirms within the app by tapping the primary OK button identified by resource-id android:id/button1 with text OK to enter the main interface.

feature-2: Viewing and copying core device and network identifiers directly from the main screen.
sub-feature 2-1: Tapping the Device ID copy control identified by resource-id makeinfo.com.getid:id/device_copy copies the device identifier to the clipboard, confirming proper clipboard placement.
sub-feature 2-2: Tapping the SIM copy control identified by resource-id makeinfo.com.getid:id/sim_copy copies the device’s SIM information to the clipboard.
sub-feature 2-3: Tapping the IMEI copy control identified by resource-id makeinfo.com.getid:id/imei_copy copies the device’s IMEI to the clipboard.
sub-feature 2-4: Activating the IMSI action identified by resource-id makeinfo.com.getid:id/imsi_b fetches and displays the device’s IMSI value on screen.
sub-feature 2-5: Activating the GSF action identified by resource-id makeinfo.com.getid:id/gsf_b retrieves and presents the device’s Google Services Framework (GSF) ID.
sub-feature 2-6: Tapping the Wi‑Fi copy control identified by resource-id makeinfo.com.getid:id/wifi_copy copies the device’s Wi‑Fi information to the clipboard.

feature-3: Access to support content and user feedback channels from the main interface.
sub-feature 3-1: Tapping the Help option identified by resource-id makeinfo.com.getid:id/help opens the help/support view, and pressing the system Back action returns the user to the app’s main interface.
sub-feature 3-2: Selecting the Rate option identified by resource-id makeinfo.com.getid:id/rate initiates the rating flow, opening the store page or an in-app prompt to provide feedback."
Giggity,"description: An event and conference schedule viewer (net.gaast.giggity) that lets users import schedules from URLs, navigate between overview and timetable views, browse and search entries, set reminders, and configure display and notification preferences.

feature 1: Import schedules from external sources into the app’s listings.
sub-feature 1-1: When the user taps the Add control with content-desc ""Add..."", a dialog with a text input identified by resource-id ""android:id/custom"" appears; entering ""https://fosdem.org/2025/schedule/xml"" and confirming via the ""OK"" button (resource-id ""android:id/button1"", text ""OK"") causes the app to accept the URL and begin retrieving and importing the schedule so it can be viewed within the app.

feature 2: Configure how schedules are displayed and whether notifications are enabled.
sub-feature 2-1: Tapping the ""Settings"" entry (content-desc ""Settings"") opens the settings screen, choosing ""Default view"" and selecting ""Block schedule"" sets a block-style layout, toggling ""Show hidden items"" reveals hidden entries in supported views, and tapping ""Enable notifications"" twice toggles notifications on the first tap and off on the second to confirm on/off behavior.

feature 3: Navigate between high-level overview and full timetable via a navigation drawer.
sub-feature 3-1: After tapping the header title (resource-id ""net.gaast.giggity:id/title""), pressing the navigation button with content-desc ""Show drawer"" opens the drawer to select ""Now/Next"" (resource-id ""net.gaast.giggity:id/now_next"") to show current and upcoming sessions, then reopening the drawer with the same control and selecting ""Timetable"" (resource-id ""net.gaast.giggity:id/timetable"") switches to the full timetable view.

feature 4: Browse entries, search within schedules, and set reminders for specific items.
sub-feature 4-1: Tapping an entry with resource-id ""net.gaast.giggity:id/title"" opens its details, activating search via ""net.gaast.giggity:id/search"" reveals an input field whose hint reads ""Type your search query,"" entering ""a"" filters the list, tapping a result (resource-id ""net.gaast.giggity:id/title"") opens its detail view, and pressing the ""Remind me"" button creates or enables a reminder/notification for that event."
Intra,"description: An Android DNS privacy app that establishes a local VPN to route DNS queries over HTTPS, guides users through onboarding, and provides controls to select providers, toggle protection, and manage excluded apps.

feature 1: Enable secure DNS-over-HTTPS protection and let users select and apply a preferred DNS provider from Settings.
sub-feature 1-1: Completing onboarding and applying a DNS-over-HTTPS provider selection. When the user taps the onboarding Next button with resource-id app.intra:id/intro_next twice and then taps the Accept button with resource-id app.intra:id/intro_accept, the app proceeds to request network setup; confirming the Android VPN permission by pressing the system dialog button with resource-id android:id/button1 in package com.android.vpndialogs enables the secure connection. Opening the navigation drawer by pressing the toolbar button identified by class android.widget.ImageButton reveals the side menu, where selecting a menu entry with resource-id app.intra:id/design_menu_item_text navigates to the corresponding section; pressing the drawer button again and choosing the Settings item with resource-id app.intra:id/design_menu_item_text and text “Settings” opens the settings screen. Entering the DNS provider picker by tapping the preference title with resource-id android:id/title and text “Select DNS over HTTPS Server” shows a list dialog, where choosing the option with resource-id android:id/text1 and text “Google Public DNS” marks it selected; subsequent taps on rows with resource-id android:id/text1 update the selection, and choosing the entry with text “Cloudflare 1.1.1.1 DNS” switches to Cloudflare. Finally, pressing the dialog button with resource-id android:id/button1 and text “ACCEPT” dismisses the dialog and applies the newly selected DNS-over-HTTPS server to the active VPN session.

feature 2: Provide direct control to toggle DNS protection and view the current DNS server details.
sub-feature 2-1: Advancing onboarding, granting VPN permission, toggling protection, and inspecting the current resolver. Tapping the Next button identified by resource-id app.intra:id/intro_next twice advances the introduction, and tapping the Accept button with resource-id app.intra:id/intro_accept triggers the system VPN prompt; confirming by pressing the OK button with resource-id android:id/button1 and text OK in package com.android.vpndialogs establishes VPN-based protection. With permission granted, tapping the switch with resource-id app.intra:id/dns_switch toggles the DNS protection state, and selecting the entry labeled Current DNS server by tapping the view identified by class android.widget.TextView and text Current DNS server opens the server details or selection screen; performing a back navigation returns to the main interface after review.

feature 3: Allow users to configure “Excluded apps” that bypass the app’s VPN-based DNS protection.
sub-feature 3-1: Navigating to Settings and selecting apps to exclude from protection. After advancing onboarding by tapping app.intra:id/intro_next twice and enabling the service by tapping app.intra:id/intro_accept, the system VPN permission dialog appears and is granted by pressing android:id/button1 with text OK; opening the navigation drawer via the button with class android.widget.ImageButton and selecting the Settings item with resource-id app.intra:id/design_menu_item_text and text “Settings” navigates to the settings screen. Tapping the option with resource-id android:id/title and text “Excluded apps” opens the exclusion list, where tapping items with resource-id android:id/text1 and text “Camera” and then “Files” selects them for exclusion; confirming by pressing the button with resource-id android:id/button1 and text “OK” saves the changes, after which those apps are excluded from the app’s protection."
Karma_Firewall,"description: An Android firewall app that uses a local VPN to filter device traffic, providing a global firewall switch, per‑app allow/block rules, a menu with logs and external help/donate links, bulk list operations with sorting and filtering, and options to refresh apps and configure firewall-on-boot behavior.
feature-1: Control the device-wide firewall and manage per-app rules using a local VPN-backed engine.
sub-feature 1-1: Tapping the main firewall toggle with resource-id ""net.stargw.fok:id/activity_main_firewall_icon"" shows an in-app confirmation where pressing ""net.stargw.fok:id/yesButton"" (text ""OK"") proceeds to the system VPN permission dialog in package ""com.android.vpndialogs"", confirming by pressing ""android:id/button1"" (text ""OK"") to enable filtering; tapping the same icon again presents the option labeled by ""android:id/title"" (text ""Disable Firewall"") and confirming with ""net.stargw.fok:id/yesButton"" (text ""OK"") stops the firewall; after managing the global state, selecting the app entry named ""Android Setup"" via ""net.stargw.fok:id/activity_main_row_app_name"" and toggling its per-app state icon ""net.stargw.fok:id/activity_main_row_fwstate_icon"" updates that app’s allow/block status.
feature-2: Provide in-app navigation to review logs and open external support or contribution pages from the main menu.
sub-feature 2-1: Opening the main menu by tapping ""net.stargw.fok:id/activity_main_menu_icon"" in the ""net.stargw.fok"" package and selecting the item ""android:id/title"" with text ""View Logs"" navigates to the logs screen, and performing the Android back action returns to the main interface where the menu icon is visible again.
sub-feature 2-2: Tapping ""net.stargw.fok:id/activity_main_menu_icon"" and selecting ""android:id/title"" with text ""Help"" launches the Help page in the external browser (package ""com.android.chrome""), and pressing back returns to the app; repeating the process with the same menu icon and choosing ""android:id/title"" with text ""Donate"" similarly opens the Donation page in ""com.android.chrome"", and back navigation returns to the app’s main view.
feature-3: Bulk-manage app access states and organize the app list with sorting and filtering tools.
sub-feature 3-1: Opening the menu via ""net.stargw.fok:id/activity_main_menu_icon"" and selecting ""android:id/title"" with text ""Allow/Block All"" presents bulk options where tapping ""net.stargw.fok:id/allowButton"" (text ""Allow All"") sets all apps to allowed; reopening the menu and choosing ""android:id/title"" with text ""Sort View"", then selecting ""android:id/text1"" with text ""Allow Apps A-Z"" reorders the list accordingly; using the filter control by tapping ""net.stargw.fok:id/activity_main_filter_icon"" applies filtering that reflects the chosen allow-all and sorting state.
feature-4: Maintain data accuracy and startup behavior with refresh and firewall-on-boot settings.
sub-feature 4-1: Tapping the menu icon ""net.stargw.fok:id/activity_main_menu_icon"" and selecting ""android:id/title"" with text ""Refresh Apps"" updates the installed apps list, then reopening the menu to select ""android:id/title"" with text ""Firewall on Boot"" opens the startup behavior prompt, which is acknowledged by pressing ""net.stargw.fok:id/infoButton"" (text ""OK"") to complete and close."
LRCEditor,"description: An app for creating, editing, searching, and managing LRC lyric files, including metadata entry, library refresh, and deletion with confirmation.

feature 1: Create and save new LRC lyric entries with complete song metadata.
sub-feature 1-1: Tapping the floating action button identified by resource-id ""com.cg.lrceditor:id/fab"" opens a new lyric entry screen where the lyrics field ""com.cg.lrceditor:id/lyrics_textbox"" is focused and text ""kk"" is entered; tapping the done action ""com.cg.lrceditor:id/action_done"" twice advances to the metadata form, where the user types ""1"" into ""com.cg.lrceditor:id/songName_edittext"", ""12"" into ""com.cg.lrceditor:id/albumName_edittext"", ""kk"" into ""com.cg.lrceditor:id/artistName_edittext"", ""123"" into ""com.cg.lrceditor:id/composer_edittext"", and ""1234"" into ""com.cg.lrceditor:id/creatorName_edittext"", then saves by tapping ""com.cg.lrceditor:id/save_button"" and confirming with the dialog button ""android:id/button1"" labeled ""SAVE"", before returning to the main list via the system back action.

feature 2: Browse, refresh, and search the lyric library, with quick access to edit entries.
sub-feature 2-1: The library is refreshed by tapping ""com.cg.lrceditor:id/action_refresh"", search is initiated via ""com.cg.lrceditor:id/action_search"" to reveal the query field ""com.cg.lrceditor:id/search_src_text"" where entering ""1"" filters visible items, a result can be opened for modification by tapping ""com.cg.lrceditor:id/edit_button"" and then returning via the back action, and the search UI is dismissed by tapping the toolbar control with content description ""Collapse"".

feature 3: Remove lyric entries with selection and confirmation to prevent accidental deletion.
sub-feature 3-1: An item is selected by long-pressing the list row container ""com.cg.lrceditor:id/lyricfile_parent_linearlayout"", the delete action ""com.cg.lrceditor:id/action_delete_homepage"" is tapped, and deletion is confirmed by pressing the dialog button ""android:id/button1"" labeled ""YES"", which removes the selected lyric file from the list."
Little_Music_Player,"description: A lightweight music player that lets users open individual audio files or entire folders for playback and manage playlist settings.
feature 1: Enable media selection for playback via dedicated file and folder pickers.
sub-feature 1-1: Tapping the file opener control identified by the resource-id ""com.martinmimigames.littlemusicplayer:id/file_opener"" launches the system document picker UI from the package ""com.google.android.documentsui"" to choose a media file; if no file is selected and the user presses Back while in ""com.google.android.documentsui"", the picker is dismissed and the app returns to the player interface, from which tapping the folder opener control ""com.martinmimigames.littlemusicplayer:id/folder_opener"" initiates the folder selection flow to choose a directory for playback.
feature 2: Provide playlist management with access to per-playlist configuration options.
sub-feature 2-1: Tapping the playlist settings control identified by the resource-id ""com.martinmimigames.littlemusicplayer:id/playlist_settings"" opens the playlist configuration interface as a focused screen or dialog, confirming that the settings entry point responds and presents options for editing or organizing the selected playlist.

description: An app that allows users to quickly toggle and configure Private DNS settings on Android 9.0 and above via a quick settings tile.
feature 1: Toggle Private DNS settings from the quick settings tile.
sub-feature 1-1: Enable or disable Private DNS by tapping the quick tile, confirming that the system DNS mode changes accordingly on Android 9.0+ devices.
sub-feature 1-2: Configure Private DNS directly from the quick tile by invoking its settings action to specify a Private DNS provider hostname on Android 9.0 and above.
feature 2: Simplified access to Private DNS management without navigating deep system menus.
sub-feature 2-1: Provide a quick settings tile that surfaces Private DNS controls and a shortcut to detailed settings, streamlining access and management."
Location_Share,"description: An Android app for quickly sharing your current location or a generated location link, viewing location details, and configuring the link provider used for sharing.

feature 1: Share your location via the system share sheet or copy a shareable link to the clipboard.
sub-feature 1-1: When the user taps the share control identified by the resource-id ""ca.cmetcalfe.locationshare:id/shareButton"", the platform share interface opens to send the location/link through other apps; after pressing Android back, the UI returns to the prior screen where the sharing controls are visible again; then tapping the copy control identified by the resource-id ""ca.cmetcalfe.locationshare:id/copyButton"" copies the location or link to the clipboard for pasting elsewhere.

feature 2: Open and view location details in a dedicated interface.
sub-feature 2-1: With the app open, tapping the button identified by the resource-id ""ca.cmetcalfe.locationshare:id/viewButton"" in the package ""ca.cmetcalfe.locationshare"" triggers the view action, transitioning to the appropriate viewing interface and presenting the corresponding location content.

feature 3: Configure how location links are generated and opened.
sub-feature 3-1: Tapping the app bar overflow with content-desc ""More options"" shows the options menu; selecting the first menu entry (android.widget.RelativeLayout at index 0) opens settings, where tapping the ""Link type"" item (resource-id ""android:id/title"", text ""Link type"") presents a chooser, and selecting ""Google Maps"" (resource-id ""android:id/text1"", text ""Google Maps"") applies it as the active link provider so subsequent shares use Google Maps."
MedTimer,"description: An app for managing medication schedules that lets users bypass onboarding, log doses either manually or as taken with precise time selection via a Material time picker, review adherence statistics, and access additional toolbar actions including submenu options and content previews.

feature 1: Manual dose entry with numeric prompts and precise time selection via a Material time picker.
sub-feature 1-1: On the intro screen, tapping the “SKIP” control (text ""SKIP"") bypasses onboarding; selecting the manual logging action (resource-id ""com.futsch1.medtimer:id/logManualDose"") opens the dose entry flow; tapping the input field (resource-id ""com.futsch1.medtimer:id/entry_text"") presents a numeric input dialog (""android:id/customPanel""); entering “123” and confirming with the positive button (""android:id/button1"") applies the value, a subsequent prompt in the same dialog accepts “1” and is confirmed again via ""android:id/button1""; a Material time picker then appears, where choosing the minute labeled “35” and pressing OK (""com.futsch1.medtimer:id/material_timepicker_ok_button"") confirms the time and completes manual dose logging.

feature 2: Quick marking of scheduled doses as taken with immediate statistics feedback.
sub-feature 2-1: Tapping Skip (resource-id ""com.futsch1.medtimer:id/skip"") bypasses the preliminary screen, tapping the taken chip (resource-id ""com.futsch1.medtimer:id/chipTaken"") opens a confirmation dialog, confirming via the system positive button (""android:id/button1"") finalizes logging the intake, and opening the statistics section (resource-id ""com.futsch1.medtimer:id/statisticsFragment"") displays updated adherence reflecting the recorded dose.

feature 3: Toolbar-driven actions for extended operations such as submenu navigation and content preview related to sharing or exporting.
sub-feature 3-1: After skipping onboarding (resource-id ""com.futsch1.medtimer:id/skip"") and opening manual logging (resource-id ""com.futsch1.medtimer:id/logManualDose""), tapping the editable field (""com.futsch1.medtimer:id/entry_text"") shows an input dialog (""android:id/customPanel"") where entering “12” and confirming with OK (""android:id/button1"") is followed by entering “1” and confirming again; confirming the time via ""com.futsch1.medtimer:id/material_timepicker_ok_button"" sets the dose time; navigating to statistics (""com.futsch1.medtimer:id/statisticsFragment"") presents the statistics view; interacting with the app bar (""com.futsch1.medtimer:id/toolbar""), expanding options (""com.futsch1.medtimer:id/submenuarrow""), selecting an action (""com.futsch1.medtimer:id/icon""), and choosing the content preview item (""android:id/content_preview_filename"") opens the associated file/preview for the selected action."
Meme_Creator,"description: A meme editor that lets users import a photo, edit it on a canvas, save the result with a custom name, and share it through the system share sheet.
feature 1: Create, save, and share a meme from an imported photo in a single, guided workflow.
sub-feature 1-1: End-to-end first-run and editing flow. When launching, tapping the permission continuation control labeled ""Continue"" advances, and confirming the in-app dialog by tapping the ""OK"" button proceeds to the welcome screen; double-tapping the banner image (resource-id cs4295.memecreator:id/welcomeScreenImage) opens the image source chooser; selecting the Photos entry (resource-id android:id/text1, text ""Photos"") and then the album labeled with resource-id com.google.android.apps.photos:id/title and text ""Pictures"" navigates into Google Photos; picking the thumbnail whose content-desc is ""Photo taken on Jul 26, 2025 4:53:17 PM"" imports it into the editor; in the editor, tapping and then long-pressing the canvas area (resource-id cs4295.memecreator:id/memeEditorLayout) focuses the editing surface and exposes editing handles or options, after which pressing the forward control (resource-id cs4295.memecreator:id/forwardButtonImage) advances the workflow; tapping the save button (resource-id cs4295.memecreator:id/saveButton) opens a naming dialog where focusing the input area (resource-id android:id/custom) and entering ""meme"" sets the filename, and confirming with the positive action (resource-id android:id/button1, text ""Save"") persists the meme; finally, invoking the share action (resource-id cs4295.memecreator:id/shareButton) presents the system share interface, and pressing the system Back action returns to the previous screen."
Morse,"description: A Morse code utility that lets users enter characters or Morse symbols, see immediate visual feedback, copy or favorite entries, and play encoded audio within the package rocks.poopjournal.morse.

feature-1: Manual Morse symbol entry with an input mode toggle and real-time visual feedback.
sub-feature 1-1: When the user taps the switch control identified by the resource-id ""rocks.poopjournal.morse:id/switchId"", the app toggles the active input mode or enables Morse entry with a visible UI change; tapping the dot button ""rocks.poopjournal.morse:id/input_dot"" three times registers and displays three dots in sequence, then tapping the dash button ""rocks.poopjournal.morse:id/input_dash"" twice appends two dashes, resulting in the combined pattern ""...--"" shown in the current Morse buffer, with each tap reflected immediately on-screen.

feature-2: Text entry for encoding or decoding with clipboard copy and favorites management.
sub-feature 2-1: Tapping the editable field ""rocks.poopjournal.morse:id/input"" focuses it, entering the text ""100"" populates this field, pressing the copy control ""rocks.poopjournal.morse:id/copyText"" copies the current content (the typed text and/or its Morse translation) to the clipboard with confirmation feedback, and tapping the favorite control ""rocks.poopjournal.morse:id/star"" toggles saving the current entry as a favorite for quick access.
sub-feature 2-2: The user taps the input field ""rocks.poopjournal.morse:id/input"" to focus it and types the digit ""5"", after which the same field updates to display ""5"".

feature-3: Audio playback of Morse-encoded sequences from typed input.
sub-feature 3-1: After tapping the text input ""rocks.poopjournal.morse:id/input"" and setting its text to ""100"", pressing the playback button ""rocks.poopjournal.morse:id/playAudio"" encodes the characters into Morse and starts audio playback, producing tones for “.---- ----- -----” in order with appropriate symbol and character spacing."
Network_Tools_Library,"description: An Android network utility that provides diagnostic tools including port scanning, subnet discovery, ping testing, Wake-on-LAN operations, and quick access to its GitHub repository.

feature 1: Perform port scanning to identify open services on a target host.
sub-feature 1-1: When the app is open under the package ""com.stealthcotper.networktools,"" tapping the Port Scan control identified by the resource-id ""com.stealthcotper.networktools:id/portScanButton"" engages the port scanning workflow by navigating to the Port Scan interface or initiating a scan, confirming that the port scan functionality is active via this specific UI element.

feature 2: Send Wake-on-LAN requests and display their outcomes.
sub-feature 2-1: Tapping the WAKE-ON-LAN control with resource-id ""com.stealthcotper.networktools:id/wolButton"" and text ""WAKE-ON-LAN"" initiates a Wake-on-LAN request and surfaces success or error feedback in the results area, and interacting with the results display ""com.stealthcotper.networktools:id/resultText"" focuses or exposes the generated status message for review.

feature 3: Provide an in-app pathway to the project’s GitHub repository.
sub-feature 3-1: Tapping the GitHub action item identified by ""com.stealthcotper.networktools:id/action_github"" within the package ""com.stealthcotper.networktools"" triggers navigation to the corresponding GitHub page, typically by launching a browser or in-app web view, confirming that the external link action works as intended.

feature 4: Scan the local subnet to discover devices and present their details.
sub-feature 4-1: Tapping the subnet scan control ""com.stealthcotper.networktools:id/subnetDevicesButton"" starts a subnet discovery process that populates on-screen results, and tapping the results display ""com.stealthcotper.networktools:id/resultText"" focuses the output so the user can view and interact with the discovered device details as expected.

feature 5: Run ping tests to verify network connectivity and update status interactively.
sub-feature 5-1: Tapping the Ping action ""com.stealthcotper.networktools:id/pingButton"" initiates a ping operation and displays progress/results in the interface, and a subsequent tap on the same control toggles stopping or re-running the ping while updating the on-screen status accordingly."
NextcloudServices,"description: An app for configuring and authenticating a Nextcloud-based service and managing its connectivity permissions.  
feature 1: Configure server credentials and choose the authentication method for the Nextcloud service.  
sub-feature 1-1: Tapping the setting labeled ""Nextcloud address"" identified by resource-id ""android:id/title"" opens an input dialog where entering ""kk.com"" in the field ""android:id/edit"" and confirming with the button ""android:id/button1"" (text ""OK"") saves the server address and dismisses the dialog; similarly, tapping the ""Password"" item identified by resource-id ""android:id/title"" and text ""Password"", typing ""kk"" in ""android:id/edit"", and confirming via ""android:id/button1"" persists the password; after credentials are configured, tapping the list item area with resource-id ""android:id/title"" reveals authentication choices, selecting ""Login"" with resource-id ""android:id/title"" initiates the direct login flow, tapping the same generic title ""android:id/title"" returns to the options, and selecting ""Log in via Nextcloud app"" with resource-id ""android:id/title"" hands off authentication to the Nextcloud app.  
feature 2: Enable or disable the service and set whether it may use data on roaming or metered networks.  
sub-feature 2-1: Tapping the main switch identified by resource-id ""android:id/switch_widget"" toggles the service state between enabled and disabled; tapping the row ""Allow roaming"" identified by resource-id ""android:id/title"" toggles permission to use data while roaming; tapping the row ""Allow metered networks"" identified by resource-id ""android:id/title"" toggles use of metered connections; finally, tapping the preference ""Enable service"" identified by resource-id ""android:id/title"" also toggles the same on/off state, mirroring the switch so interactions with either control stay synchronized."
Oscilloscope,"description: An audio signal analyzer that provides oscilloscope and spectrum visualizations with controls for capture mode, brightness, input channel selection, and storage management.

feature-1: Provide oscilloscope-style waveform visualization with capture and display controls.
sub-feature 1-1: Tapping the scope control identified by resource-id ""org.billthefarmer.scope:id/scope"" brings the scope view into focus or toggles it active for interaction; tapping the single-capture control ""org.billthefarmer.scope:id/single"" enables single acquisition mode to capture one sweep and hold the result; tapping the brightness control ""org.billthefarmer.scope:id/bright"" adjusts or cycles the trace intensity to improve waveform visibility.

feature-2: Offer switchable analysis modes and configurable audio input channels.
sub-feature 2-1: Tapping the app bar control with content-desc ""Navigate up"" opens the navigation panel to choose modes, selecting the item ""android:id/title"" with text ""Oscilloscope"" sets the oscilloscope view, reopening via ""Navigate up"" and choosing ""android:id/title"" with text ""Spectrum"" switches to the spectrum analyzer, using the system Back action returns to the previous context, and pressing the overflow button ""More options"" to choose ""android:id/title"" with text ""Left"" or ""Right"" sets the active audio input channel accordingly.

feature-3: Manage storage settings and perform data clearing.
sub-feature 3-1: Pressing the overflow menu with content-desc ""More options"" and selecting ""android:id/title"" with text ""Storage"" opens the storage configuration interface for reviewing or changing where data is stored, then returning to the main view and choosing ""More options"" followed by ""android:id/title"" with text ""Clear"" executes the clear operation to reset or remove current stored/visible data."
PianOli,"description: A full-screen interactive app that presents a primary touch surface and correctly handles Android screen-pinning lifecycle to resume normal interaction.  
feature 1: Provide a responsive full-screen touch surface that remains usable after exiting screen pinning.  
sub-feature 1-1: When the user dismisses screen pinning by tapping the system control identified by the resource-id com.android.systemui:id/screen_pinning_cancel_button, the app returns to normal mode and subsequent taps on the primary content area identified by class android.widget.FrameLayout (within package com.nicobrailo.pianoli) register interactions on the main UI surface, with repeated presses targeting the same FrameLayout confirming responsiveness.

description: An app that allows users to quickly toggle and configure Private DNS settings on Android 9.0 and above via a quick settings tile.  
feature 1: Toggle Private DNS settings directly from the quick settings shade without opening full system settings.  
sub-feature 1-1: Enable or disable Private DNS by tapping the Private DNS quick settings tile on Android 9.0+ devices, immediately switching the system’s Private DNS state.  
sub-feature 1-2: Configure Private DNS from the tile (for example via long-press or tile secondary action) on Android 9.0 and above, allowing the user to choose modes such as Off, Automatic, or a specific provider hostname.  
feature 2: Offer simplified, streamlined access to Private DNS management to reduce navigation overhead.  
sub-feature 2-1: Provide a dedicated quick tile that surfaces Private DNS controls directly in the notification shade, enabling rapid management without navigating through Settings menus."
PrivacyBreacher,"description: A privacy utility app that lets users monitor physical and phone activity and inspect detailed device information, guiding actions with confirmation prompts and supporting reliable system Back navigation.

feature 1: Start and confirm physical activity monitoring through a dedicated entry point with a clear confirmation step and safe return via system Back.
sub-feature 1-1: When the user taps the PHYSICAL ACTIVITY MONITOR button (resource-id ""io.nandandesai.privacybreacher:id/physicalMonitorButton"", text ""PHYSICAL ACTIVITY MONITOR""), a confirmation dialog appears with an OK action (resource-id ""android:id/button1"", text ""OK""); selecting OK proceeds with the physical activity monitoring flow, and invoking the system Back action navigates to the previous screen within the ""io.nandandesai.privacybreacher"" app.

feature 2: Initiate phone activity monitoring with an explicit confirmation step and consistent Back navigation to restore the prior interface state.
sub-feature 2-1: When the user taps the PHONE ACTIVITY MONITOR entry point (resource-id ""io.nandandesai.privacybreacher:id/phoneMonitorButton"", text ""PHONE ACTIVITY MONITOR""), a confirmation prompt appears and pressing OK (resource-id ""android:id/button1"", text ""OK"") activates the monitoring screen or process; afterward, using system Back exits the confirmation or monitoring view and returns to the previous screen.

feature 3: View device information by opening the Phone Info section and inspecting specific properties.
sub-feature 3-1: When the user taps the Phone Info control (resource-id ""io.nandandesai.privacybreacher:id/phoneInfoButton""), the app opens a list of device properties where tapping the item with text ""Product"" shows the device’s product identifier and tapping the item with text ""Model"" shows the device’s model value; pressing system Back returns to the previous screen after review."
RandomixDecisionMaker,"description: An all-in-one randomization toolkit that lets users create and spin a roulette picker, shake a Magic Ball with custom answers and history, roll dice, flip a coin, and switch generator modes (including letters), with quick access to recent results.

feature-1: Provide a roulette picker where users can enter options and spin to randomly choose one.
sub-feature 1-1: When the initial overlay is dismissed by tapping ""com.minar.randomix:id/done"", the user types ""1"" into ""com.minar.randomix:id/textOptionRoulette"" and taps ""com.minar.randomix:id/insertButton"" to add it, repeats the same steps to add ""2"" and ""3"", and then taps the spin control ""com.minar.randomix:id/buttonSpinRoulette"" to animate the wheel and display one randomly selected result from the entered options.

feature-2: Offer a Magic Ball that supports recent results and a customizable pool of answers.
sub-feature 2-1: After dismissing the overlay via ""com.minar.randomix:id/done"", the user navigates to Magic Ball by tapping the bottom navigation label ""com.minar.randomix:id/navigation_bar_item_small_label_view"" with text ""Magic Ball"", opens recent results via ""com.minar.randomix:id/magicBallRecentButton"", adds custom answers by entering ""hi"" and then ""hello"" into ""com.minar.randomix:id/customAnswerTextLayout"" and confirming with ""com.minar.randomix:id/text_input_end_icon"", returns with Back, enables the custom pool by toggling ""com.minar.randomix:id/customAnswerSwitch"" with text ""Use custom answers"", goes back to the main Magic Ball view, and taps ""com.minar.randomix:id/magicBallButtonAnimation"" to play the animation and display a random answer constrained to the newly added custom entries while updating ""com.minar.randomix:id/magicBallRecentButton"" history.

feature-3: Include a dice-rolling module with animated rolls and random outcomes.
sub-feature 3-1: After tapping ""com.minar.randomix:id/done"" to reveal the main interface, the user selects the bottom navigation item labeled ""com.minar.randomix:id/navigation_bar_item_small_label_view"" with text ""Dice"" to open the Dice section and then presses the dice control ""com.minar.randomix:id/diceButtonAnimation1"" to trigger the roll animation and produce a new random result.

feature-4: Enable viewing recent activity and switching generator modes such as letters and roulette.
sub-feature 4-1: The user confirms via ""com.minar.randomix:id/done"", opens the recent items view with ""com.minar.randomix:id/recentButton"", switches to the letters generator by tapping ""com.minar.randomix:id/lettersChip"", navigates back using the Android system Back within the com.minar.randomix package, and finally initiates a roulette spin by tapping ""com.minar.randomix:id/buttonSpinRoulette"" to animate and display a random outcome.

feature-5: Provide a coin-flipping tool with an animated flip and randomized result.
sub-feature 5-1: After dismissing the initial prompt with ""com.minar.randomix:id/done"", the user opens the Coin feature by selecting the bottom navigation label ""com.minar.randomix:id/navigation_bar_item_small_label_view"" with text ""Coin"" and initiates the flip by tapping the animated coin control ""com.minar.randomix:id/coinButtonAnimation"" to display a randomized outcome on the Coin screen."
SMS_to_URL_Forwarder,"description: An app that lets users create and manage rules to forward incoming SMS from specific phone numbers to designated webhook URLs for processing.  
feature-1: Add and configure an SMS-to-webhook forwarding rule through a guided entry dialog and apply it immediately.  
sub-feature 1-1: When the user taps the add button identified by resource-id tech.bogomolov.incomingsmsgateway:id/btn_add, an entry form appears; the phone field tech.bogomolov.incomingsmsgateway:id/input_phone is focused and populated by entering “1”, the URL field tech.bogomolov.incomingsmsgateway:id/input_url is filled with “https://example.com”, and pressing the confirm action android:id/button3 submits and saves the new phone-to-URL mapping."
Semitone,"description: A musical instrument utility that provides a tuner with configurable A4 calibration, a metronome with adjustable tempo, and a piano mode within the mn.tck.semitone app.

feature 1: Tune instruments using a main tuner screen with a configurable A4 reference pitch.
sub-feature 1-1: When the user taps the tuner entry labeled ""TUNER"" (android.widget.TextView), the tuner view becomes active; tapping the settings control (resource-id ""mn.tck.semitone:id/settings"") opens settings, selecting ""A4 pitch"" (resource-id ""android:id/title"", text ""A4 pitch"") shows a calibration prompt with a custom input field, entering ""440"" into ""mn.tck.semitone:id/custom"" and confirming via the positive button ""android:id/button1"" applies the new A4 reference and closes the prompt, returning to the prior view with the updated pitch in effect.

feature 2: Practice rhythm with a metronome that supports tempo adjustment and start/stop control.
sub-feature 2-1: Tapping the METRONOME entry (android.widget.TextView, text ""METRONOME"") opens the metronome interface; tapping the increment control twice (resource-id ""mn.tck.semitone:id/plus"") increases BPM accordingly; starting playback via the start control (resource-id ""mn.tck.semitone:id/start"") updates its label to ""STOP"" while retaining the same resource-id to indicate running, and tapping ""STOP"" again stops the metronome.

feature 3: Select instruments and activate a dedicated piano mode.
sub-feature 3-1: When the piano option is presented, tapping the element labeled ""PIANO"" (android.widget.TextView, text ""PIANO"") selects it, and then tapping the control with resource-id ""mn.tck.semitone:id/piano"" confirms the selection and opens the piano feature, transitioning the interface into the piano view or state."
Signal_Generator,"description: An audio signal generator for Android that lets users produce test tones with selectable waveforms, adjustable duty cycle and level, fine-tuning controls, exact frequency entry with bookmarking, and convenient navigation and sleep control.  
feature 1: Configure and control signal generation parameters including waveform, duty cycle, fine adjustments, level, and muting.  
sub-feature 1-1: When the user taps the custom duty-cycle control identified by resource-id ""org.billthefarmer.siggen:id/custom"" with text ""50%"", a 50% custom duty-cycle option is activated; interacting with the duty control ""org.billthefarmer.siggen:id/duty"" adjusts or focuses the duty-cycle setting, engaging fine adjustment via ""org.billthefarmer.siggen:id/fine"" enables precise tuning, tapping the level control ""org.billthefarmer.siggen:id/level"" brings up or focuses output level adjustment, selecting the waveform control ""org.billthefarmer.siggen:id/square"" switches the generator to a square wave, and pressing the mute control ""org.billthefarmer.siggen:id/mute"" silences the audio output, confirming that the signal can be configured and then muted within the session.  
feature 2: Navigate the interface and access in-app help content.  
sub-feature 2-1: In the standard Android UI within the package ""org.billthefarmer.siggen"", tapping the toolbar Up control with content-desc ""Navigate up"" moves to the parent screen where additional options are accessible, and selecting the Help entry identified by resource-id ""android:id/title"" with text ""Help"" opens the Help view so the corresponding guidance is visible.  
feature 3: Enter an exact output frequency and bookmark it for future use.  
sub-feature 3-1: Tapping the exact-frequency control ""org.billthefarmer.siggen:id/exact"" opens an input field ""org.billthefarmer.siggen:id/text"" with the prompt ""Enter frequency"", the user inputs the value 100 and confirms by tapping the ""OK"" button ""android:id/button1"", applying the precise frequency, and then taps the bookmarking control ""org.billthefarmer.siggen:id/bookmark"" to save the currently selected frequency.  
feature 4: Toggle the app’s screen sleep/keep-awake behavior.  
sub-feature 4-1: Tapping the sleep control identified by resource-id ""org.billthefarmer.siggen:id/sleep"" toggles the sleep option, and the interface immediately updates the visual state of that control to indicate whether sleep is enabled or disabled."
SimpleTextEditor,"description: A lightweight plain text editor that lets users enter characters via on-screen controls, invoke edit actions, search within documents, save files, and share content through the Android share sheet.

feature-1: Compose and manage text directly in the editor using on-screen character keys and the Edit menu actions.
sub-feature 1-1: Tapping the on-screen buttons with content-desc ""a"", then ""b"", then ""c"" inserts a, then b, then c at the cursor in the active editor, producing ""abc"" with each tap immediately inserting the corresponding character.
sub-feature 1-2: After tapping the character controls ""a"" and ""b"" to input text, pressing the toolbar Edit action with resource-id ""com.maxistar.textpad:id/action_edit"" opens the edit options panel; selecting the first item (class ""android.widget.LinearLayout"", index ""0"") runs its function, and reopening Edit to choose the next item (class ""android.widget.LinearLayout"", index ""1"") triggers the second function, confirming sequential execution via indexed options.

feature-2: Share the current note’s plain text via the system share sheet.
sub-feature 2-1: Tapping the ""a"" control to enter text, opening the overflow menu via the button with content-desc ""More options"", and choosing the Share command (menu item class ""android.widget.LinearLayout"", index ""4"") presents Android’s share sheet showing a content preview in ""android:id/content_preview_text"" with text ""a"" and quick actions including ""Copy"" (""android:id/chooser_copy_button"") and ""Nearby"" (""android:id/chooser_nearby_button"").

feature-3: Invoke individual edit actions from the Edit menu during text entry.
sub-feature 3-1: After inserting characters by tapping controls ""a"" and ""b"", pressing the Edit action (resource-id ""com.maxistar.textpad:id/action_edit"") opens the edit options and selecting the first item (class ""android.widget.LinearLayout"", index ""0"") applies the corresponding edit function to the document.

feature-4: Save documents and track unsaved changes.
sub-feature 4-1: Tapping the ""a"" key twice marks the document as modified, showing the title ""newfile.txt*"" to indicate unsaved changes; opening ""More options"" and picking the Save command (menu item class ""android.widget.LinearLayout"", index ""2"") invokes the save flow where pressing the ""SAVE"" button (""android:id/button1"") commits the file and the title updates to ""newfile.txt"" without the asterisk.

feature-5: Search within the document.
sub-feature 5-1: After entering characters by tapping ""a"", ""b"", and ""c"", selecting the search action (resource-id ""com.maxistar.textpad:id/menu_document_search"") reveals the search UI; tapping the search field (""android:id/search_src_text"") focuses it and then tapping the ""b"" control inputs b into the query to initiate or refine in-document search."
Skewy,"description: An app for managing alarm-driven functionality with play mode controls, graph visualization, frequency/sensitivity configuration, and menu-driven operations, while correctly handling Android runtime permissions and confirmation dialogs.

feature 1: Provides play mode and feature toggles with built-in handling for runtime permission prompts and confirmation dialogs.
sub-feature 1-1: When the user taps the play control identified by the resource-id ""hans.b.skewy1_0:id/switch_play"", the play state toggles; enabling another feature by clicking the switch specified by class ""android.widget.Switch"" with index ""4"" triggers a system permission prompt where granting foreground access is completed by pressing the button ""com.android.permissioncontroller:id/permission_allow_foreground_only_button"" with text ""While using the app"" to apply the permission and dismiss the dialog; then toggling an additional switch identified by class ""android.widget.Switch"" with index ""6"" presents a confirmation dialog that is finalized by tapping the positive button ""android:id/button1"" with text ""OK"", which applies the change and closes the dialog.

feature 2: Enables users to view and manage alarms, inspect associated graphs, and configure detection sensitivity within dedicated ALARMS and FREQUENCY tabs.
sub-feature 2-1: Tapping the ALARMS tab labeled ""ALARMS"" on an android.widget.TextView focuses the alarms view, where tapping the graph button ""hans.b.skewy1_0:id/image_view_view_graph"" displays the corresponding graph and tapping the delete button ""hans.b.skewy1_0:id/image_view_delete"" deletes the current item; the user then switches to the FREQUENCY tab labeled ""FREQUENCY"" and selects the radio button ""hans.b.skewy1_0:id/radio_button_sensitivity_high"" with text ""High"" to set sensitivity to High.

feature 3: Supports executing actions from the Android overflow menu and confirming them through standard dialogs to ensure changes are applied.
sub-feature 3-1: Tapping the overflow icon with content description ""More options"" opens a menu where selecting the entry represented by android.widget.LinearLayout with index ""3"" prompts a confirmation dialog that is confirmed by tapping ""android:id/button1"" with text ""OK""; the user then reopens the overflow menu, selects another entry represented by index ""1"", proceeds to a subsequent selection represented by index ""2"", and finalizes the action by again confirming with the ""OK"" button ""android:id/button1"" with text ""OK""."
SlideshowWallpaper,"description: An app that sets a slideshow as a live wallpaper by letting users add images, configure playback behavior (ordering, timing, and display), preview the animated wallpaper, and apply it through the system wallpaper picker.

feature 1: Manage slideshow images used by the live wallpaper.
sub-feature 1-1: Add an image to the slideshow from the system file picker. When the user taps the Images row identified by resource-id android:id/title with text Images, the image management screen opens; tapping the add button identified by resource-id io.github.doubi88.slideshowwallpaper:id/add_button launches the system picker in com.google.android.documentsui, where selecting an item is completed by tapping the large icon identified by resource-id com.google.android.documentsui:id/icon_mime_lg (or the list container with class android.widget.LinearLayout) and then returning via the in-app navigation control with class android.widget.ImageButton, which adds the chosen image to the app’s list.

feature 2: Configure how the slideshow plays, including ordering, interval, and display behavior.
sub-feature 2-1: Set random ordering, a 30-second interval, and enable scrolling with home screens. The user taps the Ordering option identified by resource-id android:id/title with text Ordering and chooses the list item with resource-id android:id/text1 and text Random; then taps the Time between images option identified by resource-id android:id/title with text Time between images and selects the list item with resource-id android:id/text1 and text 30 sec; finally opens Display via the row with resource-id android:id/title and text Display and enables Scroll with home screens by selecting the item identified by resource-id android:id/text1 with text Scroll with home screens, navigating back as needed using the in-app control with class android.widget.ImageButton.

feature 3: Preview the live wallpaper and apply it to the device.
sub-feature 3-1: Preview and set the slideshow wallpaper on the Home screen. After navigating to the preview option using the app’s back/up control with class android.widget.ImageButton, the user taps the Preview entry identified by resource-id android:id/title with text Preview to open the live wallpaper preview; pressing the Set wallpaper button identified by resource-id com.android.wallpaper.livepicker:id/preview_attribution_pane_set_wallpaper_button with text Set wallpaper shows placement options, and choosing Home screen by tapping the list item with resource-id android:id/text1 and text Home screen applies the slideshow wallpaper to the home screen."
SocksTun,"description: An Android VPN/SOCKS tunneling client that establishes a system VPN session and lets users configure SOCKS proxy settings, credentials, DNS, routing modes (global and per‑app), IP protocol options, and start/stop the service.
feature 1: Configure and interact with SOCKS proxy settings within the app.
sub-feature 1-1: When the Android VPN permission dialog from package ""com.android.vpndialogs"" appears, tapping the confirmation button identified by resource-id ""android:id/button1"" with text ""OK"" grants permission; in the app ""hev.sockstun"", focusing the SOCKS port input ""hev.sockstun:id/socks_port"" (initially showing ""1080""), entering ""1079"" replaces the value, and tapping the same field again keeps focus to confirm it is active and ready for further editing.
feature 2: Manage routing behavior between global mode and per-app configuration.
sub-feature 2-1: After authorizing the VPN via the system dialog by tapping ""OK"" (""android:id/button1""), tapping the Global control ""hev.sockstun:id/global"" toggles the global routing state and tapping it again confirms the toggle, then opening the per‑app configuration via ""hev.sockstun:id/apps"" shows app-specific routing rules and using Back returns to the previous screen.
feature 3: Configure remote DNS and control the tunneling service lifecycle.
sub-feature 3-1: Upon confirming the VPN permission dialog by tapping ""android:id/button1"" with text ""OK"", opening DNS settings via ""hev.sockstun:id/remote_dns"", focusing the IPv4 field ""hev.sockstun:id/dns_ipv4"" and entering ""8.8.8.4"" sets the remote DNS; pressing the control ""hev.sockstun:id/control"" with text ""Enable"" starts the service (label changes to ""Disable"") and tapping it again stops the service (label reverts).
feature 4: Set and persist SOCKS authentication for the tunnel.
sub-feature 4-1: Once VPN permission is granted by tapping ""OK"" on the system dialog (""android:id/button1""), entering the username ""kk"" into ""hev.sockstun:id/socks_user"" and the password ""kk"" into ""hev.sockstun:id/socks_pass"", then tapping the save control ""hev.sockstun:id/save"" stores the credentials and applies them to the tunnel configuration.
feature 5: Toggle IP protocol options for connectivity.
sub-feature 5-1: After accepting the VPN prompt by pressing ""OK"" on ""com.android.vpndialogs"" (""android:id/button1""), tapping the IPv4 option ""hev.sockstun:id/ipv4"" toggles IPv4 connectivity and tapping the IPv6 option ""hev.sockstun:id/ipv6"" toggles IPv6 connectivity, updating the app’s configuration."
SshDaemon,"description: An Android SSH management app that integrates with system Settings to prepare device prerequisites, lets users configure SSH daemon credentials with optional read-only mode, generates credentials or configuration, and manages key-based authentication for secure access.
feature 1: Integrates with Android Settings to adjust related system preferences required for SSH functionality and return cleanly to the app.
sub-feature 1-1: Within the Android Settings app (package com.android.settings), tapping the settings entry title identified by resource-id ""android:id/title"" opens its detail screen where the switch control ""android:id/switch_widget"" can be tapped to visibly toggle the setting on or off, after which pressing the system Back action twice navigates up through the previous screens and exits the Settings view to return to the prior context.
feature 2: Enables credential-based SSH setup, including username/password entry, read-only mode control, and generation of credentials or configuration.
sub-feature 2-1: Back in the SSH app (package com.daemon.ssh), entering ""kk"" into the username field with resource-id ""com.daemon.ssh:id/user_layout"" and ""0000"" into the password field with resource-id ""com.daemon.ssh:id/password_layout"" populates those inputs (password typically masked), then tapping the read-only toggle ""com.daemon.ssh:id/readonly_switch"" flips its state to reflect enabling or disabling read-only mode, and pressing the generate control ""com.daemon.ssh:id/generate"" initiates the generation process and displays a clear on-screen result or confirmation that credentials or configuration were produced successfully.
feature 3: Provides key-based authentication management with safeguards for system prompts and smooth transitions from Settings back to secure SSH options.
sub-feature 3-1: If a screen pinning prompt appears within Settings, tapping the cancel control ""com.android.systemui:id/screen_pinning_cancel_button"" dismisses it so normal navigation can proceed, then selecting a settings entry by tapping its title ""android:id/title"" opens the corresponding detail screen where toggling the switch ""android:id/switch_widget"" changes the setting’s state; pressing Back twice returns to the previous context, after which switching to the SSH app and tapping the key-based authentication option ""com.daemon.ssh:id/key_based_authentication"" opens or toggles the key-based authentication feature for secure SSH access."
TimeLapseCam,"description: A time-lapse camera app that records normal and time-lapse MP4 videos, provides start/stop capture controls, and offers configuration for timing, safeguards, playback, scheduling, resolution, camera selection, and project titling.

feature 1: Provide selectable recording modes and straightforward start/stop controls for normal and time‑lapse MP4 capture.
sub-feature 1-1: After granting runtime permissions by tapping the system dialog’s Allow button identified by resource-id ""android:id/button1"" with text ""Allow"", the user opens the mode picker by tapping the settings entry identified by resource-id ""android:id/title"" with text ""Recording Mode"", selects ""Normal Video (MP4)"" from the list item identified by resource-id ""android:id/text1"", starts recording by pressing the control identified by resource-id ""org.woheller69.TimeLapseCam:id/action_start"", and stops with ""org.woheller69.TimeLapseCam:id/action_stop""; to switch to time‑lapse, the user taps ""Recording Mode"" again, chooses ""Time Lapsed Video (MP4)"" identified by resource-id ""android:id/text1"", then uses the same start and stop controls to initiate and end time‑lapse recording.

feature 2: Configure capture timing via dialogs that use a seekbar to adjust camera initialization and trigger delays.
sub-feature 2-1: When the permission dialog appears, tapping the Allow button identified by resource-id ""android:id/button1"" with text ""Allow"" grants access, after which tapping the preference identified by resource-id ""android:id/title"" with text ""Camera init delay"" opens a dialog where the delay is adjusted on the seekbar identified by resource-id ""org.woheller69.TimeLapseCam:id/dialog_seekbar_preference_control"" and confirmed with the ""OK"" button identified by resource-id ""android:id/button1"" with text ""OK""; the user then taps the ""Camera trigger delay"" preference identified by resource-id ""android:id/title"" with text ""Camera trigger delay"", adjusts the same seekbar control, and presses ""OK"" again to save the trigger delay.

feature 3: Manage power and storage safeguards that protect recording sessions, alongside start/stop capture actions.
sub-feature 3-1: After granting permissions by tapping the system Allow button identified by resource-id ""android:id/button1"" with text ""Allow"", the user accesses the ""Low Battery"" safeguard by tapping the preference identified by resource-id ""android:id/title"" with text ""Low Battery"" and toggles its enabled state via the checkbox identified by resource-id ""android:id/checkbox"", then opens ""Low Storage Space"" by tapping the preference identified by resource-id ""android:id/title"" with text ""Low Storage Space"" to review its options; once safeguards are configured, recording is started with the action control identified by resource-id ""org.woheller69.TimeLapseCam:id/action_start"" and later stopped with ""org.woheller69.TimeLapseCam:id/action_stop"", returning the app to idle.

feature 4: Set capture parameters such as resolution and active camera, and assign a project title prior to recording.
sub-feature 4-1: After approving runtime permissions via the system button identified by resource-id ""android:id/button1"" with text ""Allow"", the user taps ""Frame Size"" in the settings list identified by resource-id ""android:id/title"" with text ""Frame Size"" and selects ""640x480 (4:3)"" from the option identified by resource-id ""android:id/text1"", then taps ""Select Camera"" identified by resource-id ""android:id/title"" with text ""Select Camera"" and chooses ""Camera 1 (front)"" from the item identified by resource-id ""android:id/text1""; following a navigation tap on a generic title element identified by resource-id ""android:id/title"", the user opens ""Project Title"" via the item identified by resource-id ""android:id/title"" with text ""Project Title"", enters ""kk"" in the input field identified by resource-id ""android:id/edit"", and confirms with the ""OK"" button identified by resource-id ""android:id/button1"" with text ""OK"" to save and display the title.

feature 5: Adjust playback frame rate and schedule future recordings using a date picker.
sub-feature 5-1: Upon granting permissions by tapping the Allow button identified by resource-id ""android:id/button1"" with text ""Allow"", the user opens ""Playback Frame Rate"" via the setting identified by resource-id ""android:id/title"" with text ""Playback Frame Rate"" and selects ""15 fps"" from the option identified by resource-id ""android:id/text1""; to schedule a recording, the user taps ""Schedule Recording"" identified by resource-id ""android:id/title"" with text ""Schedule Recording"", selects the date whose content-desc is ""07 August 2025"", and confirms by pressing the ""OK"" button identified by resource-id ""android:id/button1"" with text ""OK"" to save the schedule."
ToGoZip,"description: A ZIP/archiving utility that lets users pick a target folder via Android’s system picker, create and name ZIP archives, tune advanced parameters for long filenames, and enable debugging with detailed path logging.

feature-1: Configure and grant folder-level access so the app can save and edit ZIP archives in a user-selected directory.
sub-feature 1-1: When the user taps the in-app ""Edit"" control in package ""de.k3b.android.toGoZip"" (resource-id ""android:id/button1"", text ""Edit""), the system DocumentsUI (""com.google.android.documentsui"") opens; confirming the target directory is done by pressing ""USE THIS FOLDER"" (resource-id ""android:id/button1"", text ""USE THIS FOLDER""), which triggers a permission prompt that is granted by tapping ""ALLOW"" (resource-id ""android:id/button1"", text ""ALLOW""), after which the app gains read/write access to the chosen folder.

feature-2: Set output archive properties and adjust advanced ZIP handling parameters.
sub-feature 2-1: After invoking the folder picker via the in-app ""Edit"" button (resource-id ""android:id/button1"", text ""Edit"") and confirming the location with ""USE THIS FOLDER"" followed by granting permission with ""ALLOW"", the user returns to the app and selects ""Output Zip File"" (resource-id ""android:id/title"", text ""Output Zip File"") to open an input field (resource-id ""android:id/edit"") where entering ""kk"" defines the ZIP filename and confirming with ""OK"" (resource-id ""android:id/button1"", text ""OK"") saves it; then choosing ""Long File: Min Text Len"" (resource-id ""android:id/title"", text ""Long File: Min Text Len"") opens another input (resource-id ""android:id/edit"") where typing ""100"" and confirming with ""OK"" updates the minimum text length for long-file handling, and the changes are saved to the app’s configuration.

feature-3: Provide diagnostic controls to aid troubleshooting through debug mode and detailed path logging.
sub-feature 3-1: After obtaining folder access via the ""Edit"" → ""USE THIS FOLDER"" → ""ALLOW"" flow, the user enables ""Debug Mode"" by tapping the list item (resource-id ""android:id/title"", text ""Debug Mode"") and activates detailed logging by selecting the preference (resource-id ""android:id/title"", text ""Log full source file paths of added files.""), ensuring that added files’ absolute paths are recorded in the log."
Vanilla_Music,"description: An Android music player (Vanilla Music, package ch.blinkenlights.android.vanilla) that lets users browse their media library, search for tracks, and control playback with on-screen buttons.

feature 1: Search for music and start playback directly from search results.
sub-feature 1-1: When the user taps the toolbar control identified by class ""android.widget.ImageButton"", the search field with resource-id ""android:id/search_src_text"" becomes active; entering the query ""closer"" and submitting via the magnifying icon with resource-id ""android:id/search_mag_icon"" triggers an in-app search that displays matching items, and selecting a result labeled with resource-id ""ch.blinkenlights.android.vanilla:id/text"" opens the track’s details or begins playback.

feature 2: Browse the media library and operate playback/navigation controls.
sub-feature 2-1: After opening the app (package ""ch.blinkenlights.android.vanilla""), tapping a list or card area with class ""android.widget.RelativeLayout"" selects or opens the corresponding media item (e.g., album, playlist, or track) and updates the view; pressing an on-screen control with class ""android.widget.ImageButton"" performs its associated action (such as play/pause, next, or opening a menu) with a visible UI response; pressing another ""android.widget.ImageButton"" triggers a different action that updates the interface; tapping the ""android.widget.RelativeLayout"" item/container again navigates further or returns focus to the list, with the screen reflecting the relevant media view or selection state.

=== Generated at: 2025-08-20 10:29:52 ==="
Vector_Pinball,"description: An arcade pinball game that lets players configure gameplay options, browse high scores, switch between tables, and start a play session with responsive touch interaction on the playfield.

feature 1: Configure gameplay options and interact with the playfield to begin and control a session.
sub-feature 1-1: When the user taps the unlimited balls toggle identified by the resource-id ""com.dozingcatsoftware.bouncy:id/unlimitedBallsToggle"", the setting switches and the UI reflects the new state; tapping the start control ""com.dozingcatsoftware.bouncy:id/startGameButton"" then begins gameplay, transitioning from the setup/menu into the game screen; once running, a tap on the playfield surface with class ""android.widget.FrameLayout"" is recognized as in-game input (for example, launching the ball or triggering playfield actions), confirming touch interaction is active on the main game area.

feature 2: View and manage high scores, select different pinball tables, and start a session on the chosen table.
sub-feature 2-1: Tapping the High Score button ""com.dozingcatsoftware.bouncy:id/highScoreButton"" displays the high score view, tapping ""com.dozingcatsoftware.bouncy:id/hideHighScoreButton"" hides it and returns to the selection screen, pressing the Next Table button ""com.dozingcatsoftware.bouncy:id/nextTableButton"" advances the table selection and updates its preview or name, and pressing Start Game ""com.dozingcatsoftware.bouncy:id/startGameButton"" transitions into active gameplay on the currently selected table.

=== Generated at: 2025-08-20 10:31:00 ==="
Wave_Lines_Live_Wallpaper,"description: An app that provides a customizable WaveLines live wallpaper, enabling users to apply it via the Android live wallpaper picker, edit visual theme behaviors, manage theme collections and layout, and access repeatable actions through an overflow menu on the main screen.

feature 1: Apply the WaveLines live wallpaper to the home and lock screens through the system’s live wallpaper picker.
sub-feature 1-1: From the main screen, tapping the central preview surface identified by class ""android.view.View"" at index ""0"" activates the interface, after which tapping ""de.markusfisch.android.wavelines:id/set_theme"" launches the Android live wallpaper selection flow; in com.android.wallpaper.livepicker, pressing ""com.android.wallpaper.livepicker:id/preview_attribution_pane_set_wallpaper_button"" proceeds to placement options, and choosing ""android:id/text1"" with text ""Home screen and lock screen"" applies the WaveLines live wallpaper to both the home and lock screens.

feature 2: Customize the wallpaper’s visual behavior using a theme editor with toggles for coupled waves, uniform line width, and random start colors.
sub-feature 2-1: After tapping the root view ""android.view.View"" at index 0 on the main interface, opening the editor via ""de.markusfisch.android.wavelines:id/edit_theme"" reveals toggles where tapping ""de.markusfisch.android.wavelines:id/coupled"" (text ""Coupled waves ON"") switches the coupled-waves state and updates its label, tapping ""de.markusfisch.android.wavelines:id/uniform"" (text ""Uniform width OFF"") enables uniform line width and changes the text to ""ON"", and tapping ""de.markusfisch.android.wavelines:id/shuffle"" (text ""Random start color OFF"") enables randomized start colors with the label updating accordingly, providing immediate ON/OFF confirmation.

feature 3: Manage themes and control the collection layout, including adding new themes and changing the grid column count.
sub-feature 3-1: Tapping ""de.markusfisch.android.wavelines:id/add_theme"" presents the UI to create or add a theme, and selecting ""de.markusfisch.android.wavelines:id/change_layout"" opens a layout selection menu where choosing the list item ""android:id/text1"" with text ""3 columns"" applies a three-column grid and updates the theme display accordingly.

feature 4: Access and repeatedly invoke actions from an overflow menu on the primary screen.
sub-feature 4-1: With the main view shown, tapping the element ""android.view.View"" at index ""2"" initiates the flow, then pressing the overflow icon with content-desc ""More options"" opens the menu and selecting the top entry ""android.widget.RelativeLayout"" at index ""0"" executes its action and returns to the screen; this open-then-select-first-item sequence is repeated multiple times using the same controls to confirm consistent behavior, and after a final press on ""More options"", tapping another element identified by package ""de.markusfisch.android.wavelines"" and index ""0"" triggers its associated action, concluding back on the main view.

=== Generated at: 2025-08-20 10:32:44 ==="
Wi_Fi_Privacy_Police,"description: A privacy-focused app that guides users through initial permission consent and provides navigable sections such as Privacy protection, Data protection, and Known hotspots to review and manage privacy-related information.
feature 1: Provides a guided onboarding flow and direct access to privacy-related sections from the main interface.
sub-feature 1-1: Handles initial Android system permission consent and opens the Privacy protection screen. When launching the app, the system permissions screen appears and the user taps the Continue button identified by resource-id ""com.android.permissioncontroller:id/continue_button"" and text ""Continue"" to proceed; upon returning to the app, an in-app confirmation dialog is dismissed by pressing the positive action button identified by resource-id ""android:id/button1"" and text ""OK"", after which selecting the list item identified by resource-id ""android:id/title"" and text ""Privacy protection"" navigates to and displays the Privacy protection screen.
sub-feature 1-2: Confirms onboarding dialogs and opens the Data protection screen. After advancing past the Android permission controller by tapping the Continue button with resource-id ""com.android.permissioncontroller:id/continue_button"" and confirming the in-app prompt by pressing the OK button with resource-id ""android:id/button1"", selecting the entry identified by resource-id ""android:id/title"" and text ""Data protection"" opens the corresponding Data protection screen to surface its related content.
sub-feature 1-3: Navigates between privacy sections, switching from Data protection to Known hotspots. Following the initial permission flow (tapping the Continue button ""com.android.permissioncontroller:id/continue_button"" and confirming with ""android:id/button1"" OK), the user selects the list item identified by resource-id ""android:id/title"" and text ""Data protection"" to open that section, and then selects the list item identified by resource-id ""android:id/title"" and text ""Known hotspots"" to switch the view to the Known hotspots section so that its hotspot information becomes visible.

=== Generated at: 2025-08-20 10:34:22 ==="
audiorecorder,"description: An app for recording, managing, and sharing audio files, with configurable recording parameters such as audio format and sample rate.

feature-1: Capture and manage recordings, including viewing details, renaming, and sharing, in a streamlined workflow.
sub-feature 1-1: Start a new recording by tapping the control with resource-id ""com.github.axet.audiorecorder:id/fab"", stop and save it via ""com.github.axet.audiorecorder:id/recording_done"", open the saved item by tapping its entry ""com.github.axet.audiorecorder:id/recording_title"", rename it by tapping ""com.github.axet.audiorecorder:id/recording_player_edit"" to open a dialog with input ""com.github.axet.audiorecorder:id/custom"" where entering ""KK"" and confirming with ""android:id/button1"" applies the new title, and finally share the file through the action ""com.github.axet.audiorecorder:id/recording_player_share"" which invokes the system sharing interface.

feature-2: Configure recording and playback parameters through navigable settings screens and selection dialogs.
sub-feature 2-1: Navigate to settings by tapping an element with class ""android.widget.ImageView"", proceed via a container ""android.widget.RelativeLayout"", select a list entry header ""android:id/title"", use another ""android.widget.ImageView"" as designed to move through screens, and focus the main preferences in a ""android.widget.FrameLayout""; then open the ""Audio Format"" setting labeled by ""android:id/title"" to choose an option row ""android:id/text1"" that applies the format, and open the ""Sample Rate"" setting labeled by ""android:id/title"" to select ""android:id/text1"" with text ""22 kHz"", which sets the sample rate and updates or dismisses the dialog accordingly."
createpdf,"description: An Android PDF creator and document manager that lets users convert images into PDFs, handle confirmations and basic settings, navigate via menus and dialogs, and view, open, rename, and share created files.

feature 1: Convert selected images into a PDF through an image picker and a guided creation flow with confirmations.
sub-feature 1-1: When launching and skipping onboarding by tapping the button identified by the resource-id ""swati4star.createpdf:id/btn_skip"", a confirmation/system dialog appears and is acknowledged by pressing the positive button with resource-id ""android:id/button1""; a setting is then toggled via the switch control with resource-id ""android:id/switch_widget"", after which navigation is performed using a control identified only by its class ""android.widget.ImageButton"", triggering another confirmation that is again accepted with ""android:id/button1""; further navigation via the same ""android.widget.ImageButton"" leads to opening options where an entry with resource-id ""swati4star.createpdf:id/option_name"" is tapped, followed by another press on the class-only ""android.widget.ImageButton"" to expose the drawer/menu and a selection of a menu label identified by resource-id ""swati4star.createpdf:id/design_menu_item_text""; the specific conversion feature is then chosen by tapping the option whose resource-id is ""swati4star.createpdf:id/option_name"" and text is ""Images to PDF"", and image picking begins by pressing the button with resource-id ""swati4star.createpdf:id/addImages"" and text ""SELECT IMAGES""; an image is selected by toggling the checkbox view with resource-id ""swati4star.createpdf:id/check_view"", and the choice is confirmed via the Apply(1) action button identified by resource-id ""swati4star.createpdf:id/button_apply"" and text ""Apply(1)""; PDF creation is initiated with the CREATE PDF button having resource-id ""swati4star.createpdf:id/pdfCreate"" and text ""CREATE PDF"", and the final confirmation is provided by tapping the positive dialog button with resource-id ""swati4star.createpdf:id/md_buttonDefaultPositive"" and text ""OK"", after which the app proceeds to generate the PDF from the selected images.

feature 2: Manage existing PDF files from an in-app list, including viewing, renaming, and sharing documents.
sub-feature 2-1: On launch, skipping the introductory screen by tapping the button with resource-id ""swati4star.createpdf:id/btn_skip"" proceeds to the main options, where choosing the “View Files” entry identified by resource-id ""swati4star.createpdf:id/option_name"" and text ""View Files"" brings up the files list; selecting an item begins by toggling the selection checkbox with resource-id ""swati4star.createpdf:id/checkbox"" and then tapping the file entry label with resource-id ""swati4star.createpdf:id/fileName"", which opens a Material-style action dialog whose items are identified by resource-id ""swati4star.createpdf:id/md_title"", and choosing the option with text ""Open File"" opens the document viewer; returning to the list is accomplished by tapping the top-left navigation control with class ""android.widget.ImageButton"", after which tapping the same file entry again (resource-id ""swati4star.createpdf:id/fileName"") and selecting the ""Rename File"" action via the menu item with resource-id ""swati4star.createpdf:id/md_title"" and text ""Rename File"" presents an input field with resource-id ""android:id/input"" where the new name ""moutain.pdf"" is entered; confirming the rename is done through the positive action button with resource-id ""swati4star.createpdf:id/md_buttonDefaultPositive""; finally, tapping the file entry once more (resource-id ""swati4star.createpdf:id/fileName"") reopens the action dialog whose items carry resource-id ""swati4star.createpdf:id/md_title"", and choosing the option with text ""Share File"" initiates the system share flow for the selected document."
heartbeat,"description: A heart rate–focused app that centers on a single primary control to start and manage heartbeat measurements, complemented by a scrollable settings area and an overflow menu for additional actions.

feature 1: Start and manage heartbeat measurements via the primary floating action button.
sub-feature 1-1: When the app is open, tapping the floating action button with resource-id ""eu.berdosi.app.heartbeat:id/floatingActionButton"" in the package ""eu.berdosi.app.heartbeat"" initiates the main heartbeat action (such as starting a new measurement session), and the interface confirms this by entering an active measurement state or showing clear on-screen feedback that the primary function was executed.

feature 2: Access and invoke supplementary controls through a scrollable section and an overflow menu.
sub-feature 2-1: Tapping the control with resource-id ""eu.berdosi.app.heartbeat:id/scrollview_direction"" focuses or reveals its related section, then tapping the button with content-desc ""More options"" opens the overflow menu; within that menu, selecting the item represented by class ""android.widget.LinearLayout"" at index 1 triggers the first available action, and subsequently tapping the element with class ""android.widget.LinearLayout"" at index 2 triggers the next action, demonstrating sequential invocation of menu items by class and index."
newpass,"description: An Android password manager (package com.gero.newpass) that lets users set or unlock a master password, generate passwords with configurable character options, manage credential entries, and export stored passwords securely.

feature 1: Provide an initial access control flow to register or unlock the app with a master password. 
sub-feature 1-1: When the app launches, tapping the confirmation control labeled ""CONTINUE"" with resource-id ""android:id/button1"" dismisses the prompt and reveals the sign-in screen; the user enters ""123"" into the password field ""com.gero.newpass:id/login_tw_password"" and taps the action ""com.gero.newpass:id/register_or_unlock_textView"" to start the register/unlock process, transitioning toward an authenticated or setup state based on the entered password.

feature 2: Enable secure export of saved passwords from the settings area. 
sub-feature 2-1: After acknowledging the initial dialog by tapping ""android:id/button1"", the user types ""123qwe"" into ""com.gero.newpass:id/login_tw_password"" and presses ""com.gero.newpass:id/register_or_unlock_textView"" with text ""[create password]"" to establish/unlock the master password; opening settings via ""com.gero.newpass:id/button_Settings"", selecting the ""Export Passwords"" entry ""com.gero.newpass:id/txtName"", providing the passphrase ""123qwe"" in the input within the container ""android.widget.FrameLayout"", and confirming with ""android:id/button1"" initiates the export workflow.

feature 3: Offer configurable password generation options within the app. 
sub-feature 3-1: Following the initial confirmation ""android:id/button1"", the user enters ""123qwe"" into ""com.gero.newpass:id/login_tw_password"", taps ""com.gero.newpass:id/register_or_unlock_textView"" with text ""[create password]"" to enter creation mode, advances via ""com.gero.newpass:id/textView3"", and then taps the lowercase option ""com.gero.newpass:id/buttonLowercase"", after which the UI indicates lowercase characters are enabled for password generation.

feature 4: Allow users to add new credential entries with name, username/email, and password fields. 
sub-feature 4-1: After acknowledging ""android:id/button1"" and proceeding past the master password step by entering ""123qwe"" in ""com.gero.newpass:id/login_tw_password"" and tapping ""com.gero.newpass:id/register_or_unlock_textView"", the user taps ""com.gero.newpass:id/button_Add"" to open the add form, enters a preliminary value ""kk"" into a field without a resource-id, fills the entry name ""KK"" in ""com.gero.newpass:id/name_input"" and the password ""1234qwer"" in ""com.gero.newpass:id/password_input"", taps the action ""com.gero.newpass:id/textView2"", taps it again when labeled ""[add]"", focuses ""com.gero.newpass:id/email_input"" and inputs ""123@qq.com"", and finally taps ""com.gero.newpass:id/textView2"" once more to confirm and complete the addition."
openWorkout,"description: An Android workout planner and manager that lets users select a training program, configure participant options, start workouts, and create or edit training details including names and visual options.

feature-1: Configure a workout session by choosing a training program and participant gender, then start the session.
sub-feature 1-1: When the user taps the training selector identified by resource-id ""com.health.openworkout:id/trainingNameView"", a list of options appears; selecting the list item with resource-id ""android:id/text1"" and text ""Seven minutes workout training"" sets it as the active program and updates the visible selection, then tapping the gender option ""com.health.openworkout:id/radioFemale"" marks the female radio button as selected and deselects others, and finally pressing the start control ""com.health.openworkout:id/startTextView"" initiates the workout flow for the chosen ""Seven minutes workout training"", transitioning into the workout screen or timer according to the selected settings.

feature-2: View a training’s details and edit its metadata in a focused edit mode.
sub-feature 2-1: Tapping the training details entry with resource-id ""com.health.openworkout:id/detailTrainingView"" opens the detail view; pressing the edit button ""com.health.openworkout:id/edit"" switches to edit mode; tapping the editable area ""com.health.openworkout:id/editView"" focuses the editor; entering the text ""KK"" into the name field ""com.health.openworkout:id/nameView"" updates the training name; and pressing the save control ""com.health.openworkout:id/save"" commits the change so the updated name ""KK"" is preserved and reflected in the training’s details.

feature-3: Plan and manage trainings by adding new entries, resetting form inputs, saving changes, and customizing options like icons.
sub-feature 3-1: Opening the training detail via ""com.health.openworkout:id/detailTrainingView"" and expanding actions with ""com.health.openworkout:id/expandableButton"" reveals controls; tapping ""com.health.openworkout:id/addButton"" shows an input form where entering “expert” into ""com.health.openworkout:id/nameView"" populates the name, pressing ""com.health.openworkout:id/reset"" clears the field, re-entering “expert” repopulates it, and activating save via ""com.health.openworkout:id/save"" persists the new training so “expert” is available; engaging edit with ""com.health.openworkout:id/edit"" opens the same training in edit mode, opening options via ""com.health.openworkout:id/optionView"" displays configuration choices, and tapping the system icon ""android:id/icon"" selects the desired option (such as an icon), which is then reflected in the training detail view."
periodical,"description: A calendar-centric tracker that lets users quickly orient to today, select and confirm specific dates, navigate to previous calendar pages, access toolbar actions, and perform data backups with confirmation.

feature-1: Provide intuitive date selection and confirmation within a calendar view.
sub-feature 1-1: Jump to the current date, pick a specific day, and confirm the choice to apply it. When the user taps the Today control identified by resource-id ""de.arnowelzel.android.periodical:id/buttontoday"", the calendar focuses on the current date; the user then selects the 28th by tapping the day cell identified by resource-id ""de.arnowelzel.android.periodical:id/cal28"", and finalizes the selection by pressing the positive action button identified by resource-id ""android:id/button1"".
sub-feature 1-2: Select a specific calendar day and confirm it via the system dialog. The user taps the day cell identified by resource-id ""de.arnowelzel.android.periodical:id/cal03"" to choose the 3rd and then confirms the action by pressing the dialog’s positive button identified by resource-id ""android:id/button1"".

feature-2: Enable toolbar-driven navigation and maintenance actions, including moving through calendar pages and backing up data with confirmation prompts.
sub-feature 2-1: Access toolbar actions, navigate to a previous period, and initiate a confirmed backup. The user opens the toolbar by tapping an image button identified by class ""android.widget.ImageButton"", moves backward in time by pressing the previous-navigation control identified by resource-id ""de.arnowelzel.android.periodical:id/buttonprev"", taps image buttons identified by class ""android.widget.ImageButton"" again to expose more actions, selects the menu item with text ""Backup"" to start the backup, and confirms the operation by pressing the positive confirmation button identified by resource-id ""android:id/button1""."
ulogger,"description: An app for GPS track logging and management that lets users create and record named tracks, add commented waypoints, manage and export track data, run diagnostics, view app info, and configure detailed logging settings.

feature-1: Create and record tracks, and capture waypoints with comments.
sub-feature 1-1: When the user taps the New Track button (resource-id ""net.fabiszewski.ulogger:id/buttonNewTrack""), enters ""newtrack"" into the name field (resource-id ""net.fabiszewski.ulogger:id/newtrack_edittext""), and confirms via the submit button (resource-id ""net.fabiszewski.ulogger:id/newtrack_button_submit""), a new track is created; recording is toggled with the logging switch (resource-id ""net.fabiszewski.ulogger:id/switchLogger""); a waypoint is added by tapping the waypoint button (resource-id ""net.fabiszewski.ulogger:id/buttonWaypoint""), editing the comment field (resource-id ""net.fabiszewski.ulogger:id/waypointComment"", initially ""Waypoint description"") to ""newtrack"", and saving via the save control (resource-id ""net.fabiszewski.ulogger:id/waypointButton""); finally, a system Back returns to the track view showing the new track and waypoint.

feature-2: Access diagnostics and app information from the overflow menu.
sub-feature 2-1: Tapping the action menu button (content-desc ""More options"") opens the options menu where choosing ""Self-check"" (resource-id ""net.fabiszewski.ulogger:id/title"", text ""Self-check"") runs the diagnostic; reopening the menu via ""More options"" and selecting ""About"" (resource-id ""net.fabiszewski.ulogger:id/title"", text ""About"") shows the About dialog, which is dismissed by pressing OK (resource-id ""net.fabiszewski.ulogger:id/about_button_ok"", text ""OK"") to return to the prior screen.

feature-3: Manage the current track and its data, including exporting and clearing.
sub-feature 3-1: Creating and activating a new track via the New Track flow (button ""net.fabiszewski.ulogger:id/buttonNewTrack"" and confirm ""net.fabiszewski.ulogger:id/newtrack_button_submit"") is followed by long-pressing the logger switch (resource-id ""net.fabiszewski.ulogger:id/switchLogger"") to control logging; tapping the export action (resource-id ""net.fabiszewski.ulogger:id/menu_export"") presents export options; opening the overflow (content-desc ""More options"") and selecting ""Clear track"" (resource-id ""net.fabiszewski.ulogger:id/title"", text ""Clear track"") prompts a confirmation dialog that, when confirmed via OK (resource-id ""android:id/button1"", text ""OK""), clears the current track.

feature-4: Configure detailed logging behavior through settings.
sub-feature 4-1: Opening Settings (resource-id ""net.fabiszewski.ulogger:id/menu_settings"") allows setting Minimum time to ""10 seconds"" (tap row resource-id ""android:id/title"", then select ""android:id/text1"" with text ""10 seconds""), Minimum distance to ""50 m"" (select ""android:id/text1"" with text ""50 m""), Minimum accuracy to ""25 m"" (select ""android:id/text1"" with text ""25 m""), and Location provider to ""GPS"" (select ""android:id/text1"" with text ""GPS"")."
